종목명,상장유형,공모가(원),상장일,상장주식수,매출총이익률,영업이익률,ROE(지배),매출액증가율(YoY),영업이익증가율(YoY),유동비율,당좌비율,부채비율,이자보상배율,매출채권회전율,재고자산회전율,매출액,세전계속사업이익,당기순이익(지배),자본총계(지배),EBITDA2,순부채,매출액증가율(YoY)-before,영업이익증가율(YoY)-before
메디톡스,신규상장,14000,2009-01-16,5059000,65.7,30.26,12.17,44.7,4.72,743.39,586.98,28.14,81.53,6.09,6.99,5145716,1598909,1500498,13813309,2195776,-552921,878.15,235.17
유비쿼스홀딩스,신규상장,6100,2009-01-23,10290000,48.35,26.28,40.4,28.89,21.69,472.9,435.93,25.03,,7.45,16.23,68201559,19589500,18463729,54938168,18749605,-49497675,24.73,45.45
대성파인텍,신규상장,3500,2009-01-23,2894000,18.69,13.18,18.51,13.9,22.29,227.45,200.78,87.45,6.64,3.65,11.09,15898770,2332162,1941499,11538961,3363991,2483634,13.51,7.08
이수앱지스,신규상장,5500,2009-02-03,7443330,53.43,-170.86,-37.02,25.54,7.53,1012.28,859.09,45.09,-41.92,5.97,2.09,2152135,-3728076,-3728076,13230273,-3225861,-5917842,44.54,-1.05
중국식품포장,신규상장,1500,2009-03-27,20000000,15.99,11.28,40.84,3.39,15.68,179.05,119.33,65.06,,8.45,10.1,38250592,4544146,4262983,11482277,4772272,-1562943,1509.29,2356.57
엔시트론,신규상장,4500,2009-03-31,2500000,25.71,12.77,49.25,378.89,10138.19,189.23,130.56,75.86,32.72,26.42,10.42,22440075,1682215,2608256,6661795,3386693,145310,,
코오롱생명과학,신규상장,23500,2009-04-07,3420000,26.5,11.63,37.02,22.29,96.49,152.12,79.02,126.72,10.08,15.89,5.32,70247079,9572144,7588482,24283675,9537478,2192693,18.05,10.53
뷰웍스,신규상장,9000,2009-04-10,6047910,58.88,29.52,36.4,27.25,22.89,659.02,429.13,11.61,,7,5.03,21282881,6992919,6176766,20121709,7073321,-5824819,66.15,68.34
에스앤에스텍,신규상장,4000,2009-04-14,10915980,27.47,14.77,13.73,34.75,53.92,177.25,141,93.14,4.22,4.92,10.43,38000101,3955464,3855592,29965769,9969259,14809774,38.61,1003.14
에이테크솔루션,신규상장,5400,2009-04-17,10000000,14.21,7.06,48.9,14.41,86.87,85.09,27.04,272.37,10.46,10.91,5.07,116624209,8747932,7907058,20900621,11484190,14148362,11.06,75.91
엔에스브이,신규상장,4300,2009-04-17,8450000,29.04,17.26,25.87,7.2,22.05,129.48,61.29,141.07,8.92,4.25,3.34,27308702,3017295,2520680,11004192,5485267,9257135,61.19,129.18
에스티오,신규상장,5000,2009-04-17,4998801,69.17,11.14,28.93,32.09,-10.45,192.23,48.33,107.86,15.87,19.04,3.95,69341599,7071347,5119747,20255531,9239420,7086301,,
티플랙스,신규상장,3000,2009-04-23,5753000,12.59,9.28,19.09,9.2,2.65,228.11,117.09,114.89,4.98,7.1,4.56,58869426,4073918,3565969,20473002,5853495,17343185,62.39,44.38
네프로아이티,신규상장,4500,2009-04-24,3400000,72.87,18.08,15.73,116.29,122.52,98.97,92.29,174.39,13.9,3.33,38.47,26207911,,,,,,49.41,190.71
흥국,신규상장,4200,2009-05-12,5328000,14.22,9.15,16.23,4.32,-34.64,163.72,39.13,49.72,12.52,15.83,5.74,48416188,3691269,2691793,17603969,5245846,6192136,9.2,29.38
SDN,신규상장,10000,2009-05-19,10000000,16.99,6.64,30.27,68.75,2.68,113.36,94.56,324.17,4.9,15.7,16.69,84921453,2786869,4142518,15493338,6564759,32423247,41.44,-11.2
한국정밀기계,신규상장,22000,2009-05-19,7640000,30,22.85,50.56,74.26,91.49,111.2,32.46,211.12,67.42,5.67,2.2,132770108,26969848,23071471,55165619,32283272,1303822,67.14,256.08
에이치디,신규상장,8500,2009-05-21,8150000,19.09,15.58,33.24,44.78,74.07,119.32,95.63,165.12,65.67,8.66,6.59,67025998,12107776,9052999,32214945,11884474,-33779628,30.49,221.71
스맥,신규상장,3500,2009-05-26,5650000,64.39,19.71,16.39,-14.29,-48.64,805.59,653.76,20.65,12.89,1.87,4.64,12593839,2966510,2792083,18436183,2953672,-3870159,54.11,122.7
이엔에프테크놀로지,신규상장,5500,2009-05-28,14200000,28.03,15.06,28.95,34.2,51.95,190.68,132.72,80.7,29.4,11.53,10.9,71666337,8957182,7221919,28554510,12752994,2757871,12.25,-2.21
차이나그레이트,신규상장,1700,2009-05-29,100000000,26.35,16.5,31.29,-16.3,-17.05,154.98,151.63,109.64,175.25,2.1,66.6,142507190,22650510,15691566,62026399,24106956,-5992589,30.17,33.61
위메이드맥스,신규상장,55000,2009-06-03,3400000,92.37,59.04,78.63,70.94,75.22,486.31,486.31,23.15,,13.94,,32901945,21330040,17123141,30499563,20512032,-21501225,98.4,109.5
어보브반도체,신규상장,3300,2009-06-05,10546833,22.55,8.85,25.87,30.16,27.21,329.67,193.62,51.64,33.09,7.6,6.29,36212294,2829754,3628087,15820301,4667567,325671,1.28,-7.38
동일금속,신규상장,8000,2009-07-28,7000000,20.13,16.87,51.5,70.58,691.96,136.49,104.9,72.22,110.85,14.25,16.23,86812077,15972395,13085527,30602147,16146981,-6979538,46.91,73.03
게임빌,신규상장,15000,2009-07-30,5484780,77.97,40.57,44.48,25.22,203.32,609.99,609.99,29.53,65.68,5.84,,15378028,6630073,5279774,14471019,7222107,-9238491,9.77,183.82
에스앤더블류,신규상장,6700,2009-08-05,7200000,19.49,13.46,8.75,31.52,26.23,143.51,35.25,140.57,7.63,9.82,3.86,66135877,3032793,2423151,28905443,12686391,31649375,30.03,146.32
동국S&C,신규상장,11000,2009-08-31,57143000,26.87,17.59,12.11,124.22,236.13,89.11,29.66,480.63,14.02,20.37,3.19,324013237,6419583,5332507,50295671,60198802,41758804,14.07,255.54
제넥신,신규상장,27000,2009-09-15,4022870,91.55,-22.97,-8.24,10.64,-180.23,2396.9,2396.89,107.11,-0.67,1.52,,1337447,-534210,-528246,7104460,-87807,5001952,34.81,-175.45
톱텍,신규상장,10400,2009-09-15,5600000,11.55,6.71,43.48,92.67,86.21,125.87,100.93,153.32,34.49,46.09,21.12,61396244,5358699,4620194,13169073,4365255,-13889061,44.32,58.37
디에스케이,신규상장,5000,2009-09-23,6000000,24.01,14.29,29.87,2.52,175.38,242.57,156.82,73.61,25.72,11.43,3.97,17613562,2942275,2802866,10785495,2761231,-4434308,8.71,-64.04
모린스,신규상장,39000,2009-09-25,7093439,30.24,22.98,72.64,6693.6,407.9,442.74,323.71,18.82,34.05,52.12,16.04,45431115,10307361,10303258,25520911,12287341,-9908753,,
케이엔더블유,신규상장,11000,2009-09-29,4400000,25.47,12.03,32.13,21.2,49.5,200.12,173.08,150.75,6.1,7.97,15.93,27668126,3987958,3151974,11500016,5517063,5834694,31.1,-8.5
아이앤씨,신규상장,16000,2009-10-06,11581182,57.92,37.37,72.78,238.64,1015.17,281.51,179.49,100.75,10.81,5.01,6.66,25054475,7163283,7163283,13482103,11106442,9687489,-4.51,-11387.41
NHN벅스,신규상장,9000,2009-10-06,10140936,36.88,15.71,32.03,119.53,349.67,114.6,114.6,135.69,5.6,7.03,,25347742,4096473,4096473,14892481,5178872,4769261,,
한스바이오메드,신규상장,5500,2009-10-09,7766243,44.06,14.69,12.93,16.76,6.72,493.02,376.99,22.08,37.47,2.69,4.91,14367875,2413341,2101357,17298925,2837274,-2473875,28.59,44.7
스틸플라워,신규상장,13500,2009-10-27,13000000,33.57,24.53,37.64,76.94,244.3,114.95,45.14,103.55,10.72,18.1,6.58,148904565,19859800,15088731,61187240,39366806,32949227,65.02,361.33
비츠로셀,신규상장,5500,2009-10-28,12676375,31.43,17.95,47.71,25.32,240.55,228.57,149.4,49.98,13.93,6.4,8.53,37163202,6604543,6043661,15690207,8103919,-1702958,25.03,186.91
상상인인더스트리,신규상장,6300,2009-11-06,4334000,17.05,8.05,22.79,113.16,42.46,93.97,24.42,372.46,2.25,14.63,2.13,42659853,2707422,2500526,14849468,4632969,16206708,10.6,89.16
진매트릭스,신규상장,8000,2009-11-06,3761000,100,28.6,18.82,15.81,17.99,2418.02,2418.02,9.1,61.37,10.11,,1876115,711420,774180,4751306,607264,-3256623,47.61,1445.46
동방선기,신규상장,4000,2009-11-10,6000000,19.36,10.69,37.35,50.84,94.24,80.03,33.89,95.45,6.5,9.21,7.21,48669169,8080849,6449581,24483679,6067564,12139616,17.79,-10.07
에이프로젠 H&G,신규상장,10000,2009-11-13,1875000,26.69,13.98,101.03,69.3,450.54,241.39,207.73,116.2,16.98,5.81,21.01,24550070,4246029,4136508,6176428,3813118,-898274,,
강원,신규상장,4700,2009-11-20,5300000,20.88,10.97,19.46,-21.87,-34.75,192.39,186.01,77.36,514.44,2.7,33.97,38673260,3499636,2590392,17878192,4479788,-9937617,57.24,91.84
이원컴포텍,신규상장,2000,2009-12-01,5000000,15.37,6.71,16.78,-4.19,10.34,153.1,120.48,68.56,109.84,20.36,16.6,20911173,1483478,1139203,7350450,2199612,-4485725,24.23,63.88
에스앤씨엔진그룹,신규상장,6000,2009-12-04,40000000,28.92,24.74,,,,192.42,151.81,23.03,101.97,19.8,33.24,121296622,29851535,24004242,78023621,,-9166053,,
셀바스AI,신규상장,9000,2009-12-10,3577166,49,9.22,26.35,75.78,128.38,144.07,144.07,114.11,67.59,3.45,,11602065,1136811,1136811,4826090,1272984,-1960163,19.35,32.35
멜파스,신규상장,43200,2009-12-18,5149001,22.66,5.5,16.01,-1.17,-78.97,178.74,101.64,63.06,39.38,11.46,7.54,34925295,2348125,2855431,18884404,2590969,1351477,75.51,98.95
위메이드,신규상장,62000,2009-12-18,7140000,92.32,45.28,52.3,84.23,150.57,441.91,441.91,44.36,66.43,4.62,156795.95,73850892,33342413,24599815,75333453,35436633,-49397359,85.73,750.83
ITX-AI,신규상장,6000,2009-12-22,5733000,32.08,12,47.46,24.11,33.83,136.62,79.61,148.17,8.69,5.96,8.07,46568067,4082962,4416945,11628649,6469392,9162382,,
디와이피엔에프,신규상장,12000,2009-12-22,6500000,22.29,17.4,62.68,73.7,117.34,114.24,113.59,212.87,16.03,4.16,138.4,36691263,5692451,4334179,9146200,6685063,1297328,110.48,260.66
KPX생명과학,신규상장,6200,2009-12-22,15000000,15.46,11.83,25.43,33.37,161.47,420.15,268.89,25.2,,6.42,5.53,46492964,8059170,6609500,29293502,7379882,-6310193,32.29,144.47
글로벌에스엠,신규상장,3200,2009-12-23,31694020,26.38,13.02,,,,176.72,144.12,70.61,39.29,7.43,16.85,87016239,10530431,10000666,53685024,,-10036816,,
코디,신규상장,6000,2010-01-05,4868354,29.78,11.2,22.09,77.4,90.25,104.61,58.65,119.6,4.66,18.53,6.23,18009729,1682747,1492804,7621400,2522949,3847906,7.49,10.65
승화프리텍,신규상장,6700,2010-01-06,5334000,17.59,9.21,26.31,-7.73,22.09,103.32,103.32,152.67,8.41,8.74,,29006964,2209661,1817683,7071984,4129808,5016267,61.35,766.07
폴라리스우노,신규상장,6500,2010-01-15,10500000,46.78,31.88,48.04,80.2,181.04,524.7,440.48,35.69,70.59,7.31,10.37,15676534,5728134,4710722,13072351,5538263,-3651109,59.44,180.09
아세아텍,신규상장,4100,2010-01-26,17500000,22.36,8.67,18.81,17.7,-5,228.13,93.17,57.02,15.01,14.48,3.72,98114782,8093069,6808900,39607888,9013312,-7073147,15.4,2.71
우리넷,신규상장,6700,2010-01-27,5528580,28.4,18.42,64.78,234.03,399.06,256.23,192.99,55.99,81.63,6.82,8.14,38428233,6686180,6448878,13186896,7260922,-3420749,,
스타플렉스,신규상장,15000,2010-01-27,5400000,17.97,7.36,15.63,24.01,41.05,74.75,41.47,128.07,3.5,14.11,7.16,69618753,4684262,4202639,28987566,10353109,22701097,-2.23,-46.77
금강제강,신규상장,15000,2010-02-02,5600000,18.68,14.82,69.6,88.42,601.39,112.55,91.23,134.22,18.24,5.77,24.44,114875860,17911968,13788248,28610538,20128459,11431681,156.4,368.34
모베이스,신규상장,13200,2010-02-04,6000000,16.89,9.15,28.33,82.81,171.35,141.51,123.63,91.55,21.44,26.13,31.83,103341655,9945741,7703530,31981676,13380838,347386,26.11,-27.83
지스마트글로벌,신규상장,17500,2010-02-04,4697433,29.01,15.82,98.41,474.7,442.44,180.74,108.2,94.32,17.22,9.13,9.32,70311344,10051783,10657144,15486562,11577510,4385392,,
차이나하오란,신규상장,4700,2010-02-05,40000000,16.51,11.77,,,,117.13,94.36,336.74,2.67,,,132160501,11534212,10230483,19174750,17395122,11199919,,
하이소닉,신규상장,13000,2010-02-09,4762169,18.15,10.18,46.56,80.31,72.46,125.79,96.78,110.09,9.31,15.57,19.69,36070123,2746112,2746112,8779409,4879519,-467138,59.36,219.27
인포바인,신규상장,33000,2010-02-09,2970000,100,52.16,57.19,58.82,102.6,325.79,325.79,35.09,1835.95,8.31,,8251043,4557001,3512667,7951985,4749836,-6154781,96.92,3685.87
이미지스,신규상장,6000,2010-02-26,4913521,47.52,22.68,48.18,269.05,506.96,727.23,595.26,15.53,,8.51,14.86,13763681,3105239,3000910,7797456,3608087,-3091852,,
삼기,신규상장,6000,2010-03-19,3859000,12.91,7.08,,,,38.36,17.48,331.99,1.46,,,23684250,264207,264207,13152305,2728995,29635287,,
지트리비앤티,신규상장,11000,2010-03-26,4182000,34.32,16.05,16.87,2.17,-46.04,1219.27,1219.27,28.44,245.96,3.95,,9068571,1680244,1938257,12462918,1608612,-386351,9.02,-15.19
씨케이에이치,신규상장,3700,2010-03-31,80000000,69.54,47.59,92.92,131,149.33,125.37,102.02,49.76,,5.26,18.29,95445344,45442796,33366616,54852572,46623812,-5719148,238.57,342.85
케이씨에스,신규상장,1600,2010-04-14,12000000,18.02,4.58,19.56,-38.93,-72.93,228.53,224.37,66.41,,4.21,133.01,23349604,1972495,2119444,11370297,1267112,-8398073,6.06,-5.7
애머릿지,신규상장,7500,2010-04-21,7000000,20.57,7.05,54.3,-18.25,178.44,98.7,59.39,128.23,5.89,4.77,6.29,46303263,4949138,4771394,11291663,3681540,10501428,,
이스트아시아홀딩스,신규상장,5000,2010-04-23,23000000,26.87,20.03,,,,200.23,163.37,63.38,34.29,,,119546619,22666454,19372267,36134297,25158910,-12419721,,
모바일리더,신규상장,15000,2010-05-25,2998000,42.31,30.53,29.74,16.81,44.26,1301.59,1301.59,10.94,1944.03,6.25,,9960686,3872591,3446167,13309769,3246536,-6626913,32.66,36.63
서진오토모티브,신규상장,5000,2010-05-25,8250000,18.31,9.3,5.66,11.34,49.93,71.41,48.24,138.78,3.47,6.21,7.8,90154584,2642566,2502090,44381133,12450738,30277787,16.72,74.93
인피니트헬스케어,신규상장,5200,2010-05-26,23470467,45.25,13.42,16.17,6.13,90.85,178.4,175.11,67.69,8.94,2.59,68.9,42816849,5675222,4541717,29993557,8230294,-2267716,22.3,-25.27
투비소프트,신규상장,8000,2010-06-01,2048120,50.71,13.91,25.5,10.6,21.25,311.53,311.53,37.86,24.65,2.44,,15182989,2058522,2143264,9475179,3525186,-684652,24.46,837.45
LX세미콘,신규상장,67000,2010-06-08,6505720,28.21,19.12,53.18,51.08,70.94,455.26,423.65,25.84,,10.54,21.37,189205593,39372151,38500601,92628214,37269472,-74074952,101.8,212.25
엑스큐어,신규상장,5000,2010-06-09,4373900,39.84,10.14,32.71,28.84,6.52,276.6,262.07,55.13,64.59,16.26,24.08,26031124,2703896,2386445,7380627,3512169,-3830052,101.09,275.8
오르비텍,신규상장,8500,2010-06-15,7117336,23.11,15.08,30.56,21.58,52.37,212.58,202.68,52.12,17.54,6.57,111.06,37568520,4607055,3769946,14483561,7432360,1556072,16.1,-7.36
유비벨록스,신규상장,11000,2010-06-18,5410776,25.7,10.89,28.85,197.09,136.98,240.42,179.99,57.48,19.15,4.86,14.75,44966542,4977594,4511771,20958974,6097707,-2938386,36.58,-5.82
지유온,신규상장,13000,2010-06-18,3150000,73.54,46.37,39.95,49.95,52.61,1275.96,1275.96,8.11,14542.17,18.77,,7118353,3716814,3220438,9671768,3366211,-9535608,117.93,131.84
알톤스포츠,신규상장,1000,2010-07-02,20220000,30.41,8.86,17.84,17.71,77.92,98.33,60.75,50.54,7.59,16.28,10.98,29888931,2530340,2169488,17750790,2780651,5483420,0.59,-34.22
에스디시스템,신규상장,14800,2010-07-16,3800000,19.86,10.74,28.93,45.61,42.09,520.5,428.62,22.7,,9.47,18.63,49656248,5691398,5070561,20313739,5506821,-12494581,-16.17,-0.44
크루셜텍,신규상장,23500,2010-07-21,8289547,23.69,11.72,66.76,46.14,31.19,160.45,113.5,151.13,14.49,6.28,8.79,62168375,7703174,7681830,16284513,8638022,9257448,715.1,715.42
웨이포트,신규상장,1400,2010-07-23,55880000,22.1,10.52,58.81,19.08,51.61,104.87,75.17,446.57,7.21,6.32,4.34,107925004,10198426,7915288,18552312,14450979,25468610,,
하이텍팜,신규상장,11500,2010-07-28,7000000,26.62,22.59,53.9,39.68,156.49,233.73,176.11,61.67,42.1,3.92,7.92,51162073,11202646,9310822,21986249,12460643,-4351942,62.43,208.37
인터로조,신규상장,12000,2010-07-28,4814000,74.28,45.55,44.37,32.02,71.6,336.18,260.32,41.74,44.68,5.47,6.91,14092383,6325342,5276558,15038527,7265227,-2614771,56.58,199.79
이글루시큐리티,신규상장,14000,2010-08-04,7500000,65.89,17.43,29.51,26.09,80.61,337.57,337.57,38.48,57.26,2.76,,22894615,4505844,3880594,15089506,4381361,-9399184,26.3,-6.04
엠에스오토텍,신규상장,5500,2010-08-06,8200000,15.06,3.81,18.55,21.18,-52.68,67.75,66.51,137.82,1.08,4.12,162.84,70302209,7694730,6589908,38389340,10534331,26915913,16.34,126.3
코리아에프티,신규상장,4000,2010-08-27,6784000,12.33,0.42,18.96,6.05,806.4,82.02,69.06,272.93,0.28,4.3,13.12,95565003,5676130,4159572,22224524,4074122,28081847,8.83,-97.94
화신정공,신규상장,2000,2010-08-31,12500000,8.11,4.83,16.29,28.9,12.97,125.77,118.71,93.36,29.01,4.97,46.2,69294927,4058878,3568946,26111930,4375126,-12865155,12.64,-20.83
씨젠,신규상장,30500,2010-09-10,6158820,75.45,34.86,231.5,211.54,2057.18,142.64,137,120.62,14.93,3.98,43.58,13142040,4167776,4698374,6643367,5421809,-122767,,
와이솔,신규상장,8000,2010-09-10,10200000,35.71,22.06,43.06,389.36,519.84,192.48,167.37,74.64,20.8,6.42,15.68,34050197,7660941,6230116,17328621,8233910,3643224,,
하이비젼시스템,신규상장,2000,2010-09-10,10210000,50.34,24.3,,,,256.93,206.46,35.35,52.8,,,5846560,1166176,1166176,3774471,1570354,-766387,,
다원시스,신규상장,11000,2010-09-14,6400000,29.31,13.78,30.84,71.51,358.73,181.01,172.81,88.51,7.07,4.24,51.56,28425345,3475823,3319410,12553272,4689987,2428638,18.22,17
알파홀딩스,신규상장,12000,2010-09-17,4016448,17.91,10.35,34.43,52.29,41.96,187.66,179.17,118.01,86.14,10.65,29.9,33435916,4315668,3772297,12841743,3582082,-14551429,10.8,4.84
포메탈,신규상장,6000,2010-09-17,5987340,13.78,6.32,17.8,-14.74,-37.3,157.9,138.82,80.42,11.88,5.79,21.25,41155613,2870043,2469232,15080250,3780434,4584489,30.26,105.95
한일진공,신규상장,2000,2010-10-05,10540000,22.94,5.99,1.52,4.57,192.5,94.64,63.03,165.55,3.01,3.92,6.88,10522783,63616,63616,4221538,1149154,2375241,63.45,139.4
아이씨케이,신규상장,2800,2010-10-19,10937077,19.17,8.83,23.5,34.55,102.71,162.54,92.56,97.83,4.57,12.11,5.16,31498275,2450559,2424351,11530636,3816985,3834083,13.72,-34.56
지나인제약,신규상장,5800,2010-10-22,4650271,15.31,7.63,25.37,95.27,178.37,61.37,43.26,224.62,4.19,11.36,14.78,65341050,4805562,4712160,19091169,9115963,29088073,85.39,228.66
인화정공,신규상장,26000,2010-10-22,4344504,28.87,24.92,18.05,-5.78,5.87,112.49,74.87,83.55,5.02,4.55,6.89,60629072,12618679,10411596,68056886,21504577,39381754,43.09,14.37
누리플랜,신규상장,5500,2010-10-26,4310000,22.08,6.88,24.97,0.42,12.82,106.89,81.85,144.95,6.66,7.35,14.09,47228576,4312080,3508358,15802318,3739339,2923439,37.68,148.01
아이텍,신규상장,9100,2010-10-26,4612500,37.51,26.98,35.97,95.52,418.78,120.68,120.68,84.04,9.22,12.08,743.98,14843839,3624454,3405188,13371940,7434440,7275907,4.4,-49.95
KNN,신규상장,9000,2010-11-03,13242972,40.4,12.16,6.1,-5.15,-3.03,760.72,760.29,5.31,,4.6,987.07,45750323,8267473,6767626,113480194,9017440,-33518040,-2.16,-16.53
KH 일렉트론,신규상장,8800,2010-11-05,9500000,30.95,20.33,39.41,75.99,166.04,390.55,360.05,24.2,7945.07,8.8,37.9,83090179,14776624,12044455,37160463,17942541,-17738677,70.12,81.12
아나패스,신규상장,52000,2010-11-05,3366190,42.89,29.06,126.4,459.57,14944.27,444.55,367.52,31.88,187.01,17.12,16.35,55321191,16156221,17193459,22377371,16926019,-14195776,,
선데이토즈,신규상장,4000,2010-11-10,5232000,100,30.58,,,,25068.21,25068.21,0.33,,,,136100,41656,41656,91656,41625,-75533,,
디케이락,신규상장,7500,2010-11-12,6200000,37.77,22.12,39.49,12.93,61.22,227.61,115.1,104.75,8.51,5.1,3.51,30521240,5465835,4563736,13837666,7665411,6144896,34.61,48.59
코프라,신규상장,7000,2010-11-12,5800000,17.45,7.7,25.41,22.8,19.04,199.97,129.21,72.01,26.87,5.96,7.41,46989236,3477828,3020181,13398017,3875930,1909706,39.71,20.49
한국전자인증,신규상장,1600,2010-11-19,21400000,68.94,18.16,24.79,15.82,31.02,256.09,256.09,58.01,57185.92,8.12,,11966071,2770977,2359382,13732833,2912103,-14175654,40.48,140.32
시그네틱스,신규상장,2600,2010-11-26,77288319,10.92,8.29,16.96,5.61,2.12,106.79,80.87,117.31,3.28,12.96,17.74,199552606,12512671,11251824,82725104,35125201,59422498,12.52,16.24
썬텍,신규상장,6800,2010-11-26,4200000,28.38,18.49,57.68,55.12,472.77,158.96,92.04,71.12,17.72,6.47,5.76,26080746,4750223,3883882,8912582,5913013,2002079,1.74,4.91
티비씨,신규상장,7500,2010-11-29,10000000,37.61,12.85,6.8,-15.48,44.77,1155.92,1154.4,6.86,240.11,3.86,416.7,31686808,6674366,5235080,79624247,5293612,-53076540,-2.27,-36.53
에이루트,신규상장,5500,2010-12-01,5000000,31.9,18.57,26.02,9.04,-10.48,246.16,219.49,43.66,15.38,23.78,14.16,23364298,3393018,3193322,14174897,5234695,-6176905,10.2,0.54
디에이치피코리아,신규상장,4000,2010-12-03,7250000,45.58,3.17,1.42,-27.21,-68.58,238.43,221.19,156.59,1.33,4.36,26.26,9187775,80894,80894,6499827,1062305,6732744,,
대정화금,신규상장,9200,2010-12-20,5537272,26.63,16.04,18.13,19.32,63.48,215.46,145.11,40.18,25.63,4.87,6.67,37172575,6089659,4928879,28120441,6234158,-530608,28.94,106.97
이브이첨단소재,신규상장,2700,2010-12-27,15000000,12.94,4.51,22.39,37.86,37.72,83.78,55.43,249.31,4.01,9.17,12.27,65140871,2178124,2212957,10804203,4237247,12899831,1.84,-32.37
인텍플러스,신규상장,7000,2011-01-05,8005000,33.44,9.52,27.88,4.79,17.57,201.68,141.26,82.39,6.48,4.84,4.46,16052680,1561277,2605439,10920683,2351949,164571,15.83,7.57
티에스이,신규상장,45000,2011-01-05,3248298,23.13,9.3,5.5,-19.88,-14.73,381.05,292.82,13.15,,5.56,9.16,60302027,5821474,4133826,77285896,11136972,-9549785,-12.77,-68.22
알서포트,신규상장,2500,2011-01-05,8620001,,,,,,,,,,,,,,,,,,,
씨그널엔터테인먼트그룹,신규상장,8500,2011-01-24,3400000,12.46,5.85,18.1,76.1,95.98,400.14,332.43,33.01,26.62,5.75,20.69,40966458,3467482,2618628,15592350,2769469,-7102935,-8.89,-69.49
다나와,신규상장,14000,2011-01-24,6600000,100,35.89,41.76,24.53,28.32,511.69,511.69,31.3,215.55,7.42,,17075146,6360063,5517438,15529520,6579067,-9149947,31.21,24.48
블루콤,신규상장,12000,2011-01-26,9600000,16.22,8.07,16.1,41.23,226.32,985.43,885.48,5.52,,4.62,20.83,78762720,7508151,9494469,62885025,7366077,-21309391,61.32,147.32
인트론바이오,신규상장,6100,2011-01-26,9163333,57.24,19.35,21.05,42.55,369.63,201.2,183.84,84.84,3.98,3.44,14.84,7833064,1154920,1205580,7069156,1938975,3964637,29.63,27.83
엘비세미콘,신규상장,4700,2011-01-31,43274592,32.12,27.81,74.65,51.32,103.88,56.5,42.78,238.54,5.29,6.35,13.62,57299493,12418671,12418671,21416292,21301164,39630765,89.69,1083.75
제이엔케이히터,신규상장,13600,2011-01-31,8000000,19.87,14.9,43.12,27.24,144.45,199.63,196.93,78.14,75.62,7.24,158.64,84201468,11791346,9787725,26755258,12929825,-18136718,2.88,39.35
딜리,신규상장,8000,2011-01-31,5470000,41.49,21.89,23.45,-10.24,-22.66,920.37,805.18,8.43,,20.16,10.75,23058750,5395357,4753020,22264679,5271679,-12931387,19.2,59.93
케이아이엔엑스,신규상장,8000,2011-02-08,4800000,37.88,15.96,13.6,16.2,15.82,705.46,704.48,7.9,,8.53,2260.03,14995303,2885908,2243167,17808880,3949939,-7399866,35.85,-10.76
티피씨글로벌,신규상장,5200,2011-02-08,5610345,17.81,7.39,18.12,4.03,-20.95,161.14,122.02,54.25,5.42,6.35,11.07,33170984,3851451,3738338,22500131,3578451,3225542,11.68,3.21
나노신소재,신규상장,17000,2011-02-09,7116000,46.84,25.86,31.06,63.39,46.29,214.15,62.22,115.52,8.95,5.03,1.67,19977208,5141001,4649100,17447908,6553192,15575043,40.37,93.25
부스타,신규상장,4200,2011-02-23,8160000,21.3,7.04,14.44,3.42,96.45,313.31,238.41,31.69,751.87,4.9,7.76,56728668,5044183,4205111,31050610,4935513,-10439800,3.42,9166.04
티케이케미칼,신규상장,5000,2011-04-26,90000000,12.43,8.08,41.49,13.49,41.83,75.24,64.02,217.52,11.1,25.55,34.6,882043328,58859864,46023363,133934786,91029118,23237197,9.37,82.36
이퓨쳐,신규상장,6400,2011-04-27,3635000,62.97,26.64,29.87,15.24,14.27,715.35,582.74,34.48,20.92,3.13,5,12340512,3336098,2707176,10423446,3341750,-4082948,33.17,21.65
골프존뉴딘홀딩스,신규상장,85000,2011-05-20,12283023,55.6,33.8,54.86,38.48,19.51,726.78,715.3,13.78,,40.42,128.07,184308070,70559715,67107689,160205886,65184017,-64065301,31.84,14.52
KMH,신규상장,9500,2011-05-25,12375360,53.46,33.85,39.66,47.22,41.45,187.84,185.65,26.41,377.95,8.32,468.14,27858092,9683392,7346079,22259604,12503601,-5194198,75.98,78.52
엘아이에스,신규상장,34000,2011-06-02,3600000,29.13,18.85,85.99,294.25,454.79,130.68,102.49,176.58,27.44,6.18,13.68,50320267,9075028,8153214,13528166,10458084,-2352671,14.16,70.87
완리,신규상장,4100,2011-06-13,48696351,37.82,33.25,52.89,33.25,50.22,137.48,115.07,27.65,136.22,476.51,31.34,141010513,43477721,30823870,,48636192,-4041870,28.01,40.97
스카이이앤엠,신규상장,14000,2011-06-14,4270000,24.23,15.3,29.44,33.85,29.25,198.95,132.33,74.56,11.05,18.68,12.02,42007528,5956421,5142012,22133466,8840884,7592317,133.47,217.5
넥스트아이,신규상장,10000,2011-06-14,5810945,47.5,38.08,81.61,24.83,81.07,337.13,262.56,36.53,,5.67,6.34,17370770,6905982,7027027,12001356,6771419,-8815557,160.8,420.69
유니드코리아,신규상장,5800,2011-06-17,6800000,23.32,16.16,32.92,12.58,9.5,137.54,133.95,156.44,9.52,2.45,100.65,23089922,3133306,2502530,8858051,4032352,7102257,81.26,75.22
서연탑메탈,신규상장,6500,2011-06-24,11650000,13.03,10.35,23.85,54.92,96.96,245.38,235.42,39.77,63.13,3.08,79.24,86466845,10429489,8168199,38237310,9758110,818276,1.25,-1.23
대양전기공업,신규상장,9000,2011-07-08,9495300,21.57,14.07,17.52,1.5,5.45,193.65,173.92,36.4,81.23,5.92,21.84,87417115,12955600,9950138,61855488,13505892,-17214791,6.16,22.93
옵티시스,신규상장,7600,2011-07-12,5636000,48.4,24.93,26.48,48.72,151.4,447.64,365.51,47.22,17.81,7.6,6.74,16191573,3992840,3415818,14529698,4666546,-4179089,-20.18,-62.46
나이벡,신규상장,10000,2011-07-13,2935996,64.17,9.31,4.26,0.58,9.31,110.89,74.41,265.15,1.15,6.53,7.76,5270307,105089,141238,3538293,1092340,5960737,69.21,-55.91
상아프론테크,신규상장,6000,2011-07-21,12289470,17.59,7.95,10.65,52.51,50.91,182.38,129.71,68.7,12.29,6.34,12.91,97190078,6128089,5016421,49236669,13262894,12327162,2.18,174
시티랩스,신규상장,7100,2011-07-29,5100040,22.46,11.81,47.45,73.12,1645.47,130.03,122.44,63.17,21.39,11.75,104.31,49992514,5467601,4359485,12180199,6504009,634509,41.49,-84.59
제닉,신규상장,22000,2011-08-03,3922909,63.89,14.95,83.02,134.05,308.99,136.19,103.77,92.04,29.37,13.47,22.93,81891741,11858710,8908878,15435972,13893565,-1012344,154.73,328.55
아이씨디,신규상장,34000,2011-08-05,7721832,33.04,22.74,50.94,303.56,659.91,265.64,194.46,60.12,37.66,5.83,7.27,143149138,32443293,25661521,89705923,34704220,-32988392,324.69,2578.91
제이씨케미칼,신규상장,7200,2011-08-08,13340000,15.2,11.46,61.77,78.78,133.61,113.03,86.51,161.84,18.51,9.39,7.07,91186720,10694170,9782833,20729227,11852480,10538201,36.28,28.34
화진,신규상장,4300,2011-08-10,12100000,23.27,11.89,24.22,-1.41,100.54,102.37,79.68,98.58,5.43,5.59,15.5,41622148,5270559,4968936,21028345,7025130,8881637,3.79,754.19
원익피앤이,신규상장,8000,2011-09-27,6176000,26.72,10.78,29.77,73.36,68.11,132.63,73.56,113.94,22.04,16.72,4.4,38069756,4073473,3980627,15858842,4682585,-2373677,39.68,36.49
대한과학,신규상장,3000,2011-10-11,5525130,28.73,10.99,27.03,17.46,3.62,158.69,77.85,143.69,28.13,9.33,4.91,27864762,3066632,2630843,10917711,3553334,6512978,26.52,137.45
로보스타,신규상장,5800,2011-10-17,7800000,18.53,8.32,53.36,112.69,349.63,127.94,73.71,183.42,9.49,7.16,8.8,83081977,6626710,6938644,16473086,8286704,8618296,-25.56,11.36
케이맥,신규상장,14500,2011-10-25,6188500,47.95,24.9,33.51,62.18,426.29,163.1,141.04,73.69,11.07,2.27,10.89,26503150,5645864,5847743,20378484,8001804,10631013,-21.91,-74.88
원익테라세미콘,신규상장,13500,2011-11-01,8045902,29.99,15.21,46.23,321.25,4766.93,136.41,112.04,98.32,15.39,6.87,21.36,46766819,6507542,5855935,16133494,8232618,1594869,20.24,147.77
씨엔플러스,신규상장,11500,2011-11-02,4150001,20.47,11.6,35.19,44.51,-4.91,137.45,114.05,104.18,24.71,7,25.58,41519480,4526448,4681764,15983996,8179607,6953718,17.89,53.64
에스엠코어,신규상장,8500,2011-11-08,6643000,14.8,9.8,23.72,68.81,41.88,174.16,171.29,86.85,70.49,3,88.3,60532159,6001391,4811050,22690998,6506754,-948398,-13.66,133.52
씨큐브,신규상장,5750,2011-11-08,5500000,42.29,18.02,12.8,39.99,79.51,188.41,101.62,91.02,4.78,4.81,2.79,18194782,2203203,2340864,19462441,4906079,12553711,20.22,20.65
테크윙,신규상장,23000,2011-11-10,4771040,28.01,14.88,89.1,255.99,4065.48,117.33,67.86,181.01,8.2,4.53,4.18,74513918,9991401,13984366,26729999,12912097,17228645,-1.34,107.27
에이티세미콘,신규상장,2400,2011-11-11,46330294,30.65,21.55,28.51,18.55,67.71,24.12,24.12,185.81,2.54,9.81,,95583947,10307483,13925311,58771734,51518312,101554948,3.39,-24.87
쎄미시스코,신규상장,9500,2011-11-18,3600000,63.09,45.18,31.4,222.07,596.6,559.74,451.45,23.59,2794.7,7.99,5.69,10700438,4849976,3914491,14827564,5005844,-9819365,-60.82,-83.85
와이지엔터테인먼트,신규상장,34000,2011-11-23,4986157,46.25,23.11,63.84,25.44,39.97,176.9,162.36,63.73,,9.76,32.1,44772896,12696525,9768248,20351022,12069823,-10915353,92.65,433.59
이엠넷,신규상장,6400,2011-11-25,5500000,100,25.7,33.43,10.88,12.4,170.41,170.41,116.7,48.82,8.84,,22657151,5410079,4088700,14309999,6109990,-1112975,38.24,100.38
신진에스엠,신규상장,15000,2011-11-28,4500000,26.53,19.47,24.1,81.22,110.29,341.38,193.75,34.5,21.31,5.41,4.81,37817662,7658043,6177351,28799548,9006882,-198506,-12.31,-31.45
에스에프씨,신규상장,14000,2011-11-30,6432621,23.31,16.76,57.02,52.82,145.19,205.88,133.9,89.95,28.55,23.43,9.58,88933657,10933889,8754973,19715906,15561461,621949,44.98,33.33
비덴트,신규상장,12000,2011-12-01,5250000,48.41,29.27,25.68,38.83,29.2,284.45,130.15,29.6,36.07,6.69,3.29,24009910,7106882,5607777,24800186,7718871,232106,18.75,39.61
키네마스터,신규상장,6000,2011-12-02,6625551,75.75,44.2,57.36,50.09,53.86,675.27,675.27,21.24,1910.91,3.66,,12486318,5656709,4715450,10686453,5686167,-8805057,,
파인넥스,신규상장,65000,2011-12-05,5995369,64.68,59.95,132.19,523.05,3427.38,177.83,131.62,70.28,21.22,33.78,12.92,75573223,42692079,40438071,51978933,48774155,2612839,29.6,-31.95
씨유메디칼,신규상장,12000,2011-12-15,4780806,59.55,31.16,29.6,32.43,118.97,716.26,491.74,31.38,36.08,2.83,4.02,17350796,5226419,4977439,19652187,6257674,910128,28.13,159.39
서암기계공업,신규상장,3800,2011-12-19,12600000,20.78,10.69,12.53,82.87,272.38,273.44,216.01,37.44,34.11,5.73,8.33,32172933,3923331,3322986,28066055,5678885,-9783939,-53.57,-87.71
시큐브,신규상장,4900,2011-12-21,6200000,50.4,23.11,33.47,43.12,10.97,369.28,368.67,46.03,66.11,2.41,646.62,13075657,3161861,3083040,10754031,3269983,-3729938,52.09,272.11
나이스디앤비,신규상장,1700,2011-12-22,15400000,100,14.32,19.25,13.85,5.44,312.29,312.29,37.85,,15.92,,16298746,2455638.54,1874821.71,10279744,2500624.87,-3050850,32.07,74.27
디엔에이링크,신규상장,7700,2011-12-26,4115930,37.5,14.89,19.11,8.32,47.63,120.53,93.77,78.93,7.99,3.44,6.65,6336069.87,860055.75,861657.93,5093711.98,1473798.35,1520129.37,5.74,19.87
원익머트리얼즈,신규상장,27000,2011-12-28,5800000,36.04,22.61,26.52,12.02,25.33,165.67,109.58,45.74,29.76,12.73,7.77,66599985,14374476,11396269,49178271,18077927,-4180534,26.07,21.89
메지온,신규상장,24000,2012-01-20,8068000,100,71.85,99.41,32.19,35.01,469.97,469.97,26.96,,82.64,,24379124,19346971,16438043,24823771,17569978,-20132673,,
남화토건,신규상장,3000,2012-01-31,11740000,13.16,2.81,5.07,-8.83,-70.54,285.83,285.83,22.39,,37.61,24030.57,49863428,4423014,4137891,83472685,1557474,-27681836,-5.17,138.19
뉴로스,신규상장,8500,2012-02-15,4191242,54.93,20.35,38.52,32.53,66.7,165.48,147.11,100.88,7.1,1.97,11.77,30213304,5820608,6531672,20391292,7135029,5975582,38.08,97.87
사람인에이치알,신규상장,5000,2012-02-21,8800000,40.74,8.14,36.71,53.28,255.48,143.21,143.21,150.48,25.03,16.04,,31362632,2607630,2029765,6898243,3365178,-5097996,,
빛샘전자,신규상장,4400,2012-03-21,5000000,29.77,13.93,18.82,13.06,17.3,531.46,442.82,16.05,19540.32,4.87,13.4,29170544,4471875,4147383,23904511,4676274,-8768093,8.47,34.55
비아트론,신규상장,15900,2012-05-04,9931870,38.03,22.53,59.19,117.67,42.54,369.54,367.21,31.87,57.12,5.78,135.3,47131698,10749002,10220313,23817047,11212173,-5770434,244.77,397.12
피엔티,신규상장,17000,2012-07-06,3209547,19.98,14.6,41.79,61.35,81.1,145.95,70.03,123.02,18.64,5.04,4.34,76392858,10853860,8902846,24067785,11622446,10129840,30.39,73.61
디지탈옵틱,신규상장,11500,2012-07-13,5393177,19.45,14.54,,,,117.75,103.11,164.34,12.81,,,58378017,6826746,5546860,19913167,10865357,4999292,127.19,576.49
네이블,신규상장,9000,2012-07-19,4326601,50.43,18.58,35.96,14.15,130.74,269.11,265.52,55.64,29.38,3.07,138.43,20770504,4112840,3690235,12185738,4250801,-5098512,37.17,114.35
엠씨넥스,신규상장,15000,2012-07-25,5749271,14.08,7.48,32.67,48.39,77.03,113.31,83.16,233.32,3.51,5.12,9.34,215298745,13271845,11583225,41582993,20394250,39457281,48.61,56.03
우양에이치씨,신규상장,5500,2012-07-26,12090183,16.79,9.28,11.19,31.94,4.2,91.5,85.83,361.43,1.56,3.07,19.67,167839728.6,10447699.21,7089654.86,50534033.08,21129328.38,95249317.69,-5,-16.72
나노스,신규상장,7000,2012-08-02,7316920,19.46,11.81,,,,87.15,56.31,424.38,3.77,,,54799308,4884876,4191460,11298789,8495379,23308977,102.1,77.47
모다,신규상장,7000,2012-09-25,4908000,23.89,15.82,66.09,28.61,111.28,195.32,79.07,63.3,34.22,16.01,8.53,54010919,8249773,6526766,12658891,10114869,-1135241,356.26,252.1
코이즈,신규상장,7500,2012-09-27,6156166,33.39,21.38,,,,109.89,102.2,101.26,8.9,,,27778006,5614379,5118210,16230531,7569252,8152512,58.17,68.21
아바텍,신규상장,6300,2012-11-06,16000000,26.85,13.17,,,,167.91,152.07,27.04,38.33,,,47990116.14,7164632.87,6461154,51193918,9248155.91,-4183852.35,195.2,363.21
와이엠씨,신규상장,6000,2012-11-15,9731593,23.69,14.34,,,,251.63,154.96,124.97,11.15,,,42093382,5849612,5336835,12118802,7352827,3549441,,
맥스로텍,신규상장,7000,2012-11-16,5714280,21.85,15.58,38.97,54.68,131.3,98.93,97.65,229.31,3.32,2.8,104.08,45944636,6337337,5805431,17852695,9141160,25291427,83.45,157.39
디젠스,신규상장,1800,2012-11-22,18250000,14.46,5.85,,,,84.78,58.71,286.69,3.37,,,113461332,5751268,4993168,20374857,9732349,26795210,65.57,1057.67
우리로,신규상장,10300,2012-11-27,6742878,50.46,33.43,65.24,35.44,159.31,182.94,144.09,83.71,14.88,4.46,14.42,25780758,8871836,8075125,17141093,10334812,8500138,29.02,-25.81
SBI핀테크솔루션즈,신규상장,3600,2012-12-17,21365400,48.06,23.59,64.14,8,23.48,109.24,109.24,560.93,173.2,70.55,,67407794,15926171,9040214,18830308,16960794,-102913238,25.73,63.34
스킨앤스킨,신규상장,10000,2012-12-27,8074763,52.47,27.9,,,,253.22,194.53,63.1,15.47,,,16839055,4155683,4273398,12716120,5074827,2264566,,
포티스,신규상장,3900,2013-01-29,4977833,26.64,8.32,37.6,60.43,74.53,107.69,76.06,145.02,7.29,8.99,13.14,49498638,3569195,3433134,11005818,4945105,7614165,52.79,41.44
아이센스,신규상장,19000,2013-01-30,8969634,37.79,17.19,,,,251.95,151.83,39.18,23.35,,,52198327,8998354,7600639,59298768,12855806,2982145,3.09,-21.67
우리이앤엘,신규상장,4900,2013-02-05,32000000,14.12,12.05,,,,148.4,95.92,313.95,4.32,,,250297412,19890363.7,14578880,46672453.56,41695076.57,61876437.3,73.75,-73.4
아이원스,신규상장,4500,2013-02-07,8500000,40.94,15.91,31.89,-9.94,52.34,47.14,32.9,151.48,5.23,7.89,14.43,43595344,5809599,5159780,19554770,9487655,22931669,107.81,239.11
지디,신규상장,18000,2013-02-13,11934061,41.28,31.5,68.16,95.69,92.17,47.49,46.56,170,15.25,9.65,436,35683082,9866165,9381864,18965586,14321719,22639687,323.44,501.08
제로투세븐,신규상장,8300,2013-02-19,11540000,50.83,6.14,,,,122.61,46.96,251,49.7,,,205072123,11433170,5891459,22395561,13955290,4425286,15.18,-29.85
코렌텍,신규상장,16000,2013-03-05,7883661,30.96,-14.01,175.53,61.32,10.35,151.81,84.39,-707.08,-0.66,2.93,2.03,11881638,-3942111,-3942111,-5244726,12173,25331198,68.44,-43
윈팩,신규상장,4000,2013-03-07,14200000,20.36,15.39,24.28,12.12,-0.57,17.13,12.2,279.09,2.41,18.28,24.2,65494157,5589404,5400953,22734187,25098499,51004226,78.75,25797.39
참존글로벌,신규상장,7800,2013-04-03,4221000,35.84,29.2,50.24,27.16,33.8,200.09,151.7,73.09,434.31,4.88,6.35,24720052,7236138,5842058,14853520,7309241,-8885879,48.76,95.86
삼목강업,신규상장,2600,2013-04-30,10200000,14.83,7.49,12.49,5.33,-6.57,91.42,57.3,68.31,173.91,7.59,9.53,64681354,6227900,5393307,44817465,6021480,5029568,24.67,56.31
레고켐바이오,신규상장,15500,2013-05-10,5771250,67.94,-436.89,-71.43,843.48,-6.21,355.56,355.56,106.43,-1050.96,31.19,,744280,-2674458,-2674458,3354100,-3176531,-5438842,-70.81,0.75
엑세스바이오,신규상장,4500,2013-05-30,26000000,58.8,23,55.32,117.85,489.52,307.96,194.25,34.02,9.05,4.93,6.35,36997543,10874626,7451130,21707164,9056510,-964459,38.83,-33.05
나스미디어,신규상장,8800,2013-07-17,8246432,100,32.45,15.69,8.34,-2.77,182.12,182.12,107.87,,2.83,,23462889,8470221,6454270,43621857,7933584,-30402280,14.9,22.36
KG ETS,신규상장,3800,2013-07-24,36000000,20.44,16.61,13.2,109.6,86.7,54.22,49.54,116.88,5.1,4.77,25.5,93990321.66,12482848.23,9905649.25,78342959.32,23768162.5,59827019.48,,
파이오링크,신규상장,10500,2013-08-01,5142330,66.48,20.04,37.6,11.95,20.29,377.42,293.6,50.02,27.02,3.38,5.09,20156686,4074818,4887267,15382376,4476503,-2744695,18.73,72.96
GH신소재,신규상장,3100,2013-08-02,7000000,16.48,8,17.93,-2.64,-5.47,106.64,84.18,114.47,10.89,4.45,14.96,50542986,3737628,2954902,17886614,5543405,6526254,17.94,23.77
아미코젠,신규상장,25000,2013-09-12,4125000,49.51,35.78,35.97,122.67,1467.65,418.68,358.52,48.07,21.69,3.99,13.53,16309703.83,5502235.64,4601257.53,15907349.43,6562736.67,1701660.43,2.89,-80
지엔씨에너지,신규상장,6000,2013-10-02,4346667,11.72,6.8,17.49,2.03,-16.54,116.71,89.89,174.18,3.44,2.75,8.86,60453009.93,4514525.73,3629617.78,22593116.62,4633594.36,19362398.92,,
엘티씨,신규상장,20500,2013-10-08,6550000,22.81,12.35,43.53,-1.96,40.39,235.1,193.01,82.35,14.08,19.35,19.52,92876972,10162958,9478551,24181487,13430563,-1796775,301.44,86.05
파수,신규상장,5800,2013-10-18,7929695,69.38,19.51,,,,281.56,281.56,62.29,24.3,,,20257736,3837929,4321703,13480222,5492935,1508326,3.11,-10.62
테스나,신규상장,13500,2013-10-22,6850000,24.19,19.61,22.39,15.04,8.88,60.73,56.16,161.57,4.12,11.65,,55251160.43,7643445.29,7942388.76,39341879.39,29108441.08,46083354.92,58.65,54.54
내츄럴엔도텍,신규상장,40000,2013-10-31,5260120,56.64,23.66,66.52,93.5,116.4,218.26,193.94,77.14,1132.21,5.96,17.93,21632650,5243491,4393985,8951137,5172007,-4102181,115.44,1249
해성옵틱스,신규상장,6600,2013-11-06,16375000,21.86,14.86,,,,87.72,68.99,545.47,4.64,,,63283279,6174790,4937971,12641428,15591762,28931478,32.07,40.84
협진,신규상장,8100,2013-11-08,6000000,40.48,29.55,23.95,25.96,92.54,357.23,166.35,26.35,208,9.34,2.18,17769035,5626994,5080693,23827790,5797198,-6598014,3.08,-39.91
THE MIDONG,신규상장,20000,2013-11-13,3000000,18.24,13.09,86.17,205.69,182.95,337.36,315.96,42.92,,12.72,63.41,42342308,7986170,7459394,15139168,5571218,-12740876,514.3,10740.29
램테크놀러지,신규상장,3900,2013-11-18,6826647,18.5,8.39,20.16,37.71,85.3,73.63,36.66,162.59,2.56,13.81,6.38,42339918.38,3349542.54,2661934.68,16898260.99,5849600.38,19326993.4,,
라이온켐텍,신규상장,12500,2013-11-19,10163425,29.75,21.58,50.96,16.5,61.25,196.3,144.41,50.79,30.94,9.62,16.21,93342274,18111155,14826970,36315175,20681827,6895062,26.61,86.23
큐브엔터,신규상장,2000,2013-11-21,7000000,16.45,0.91,,,,127.44,127.44,167.26,,,,24448083,87732,14443,3939406,468205,-3155390,,
디엠티,신규상장,5700,2013-11-26,7500000,31.51,10.21,,,,357.94,311.95,46.85,775.18,,,90306897.05,9372652.43,8097647,31897463.73,10784942.71,-17321919.76,-36.56,-51.98
엔브이에이치코리아,신규상장,4500,2013-12-03,28722222,12.4,4.27,25.46,12.12,176.21,93.6,81.82,218.55,7.88,4.96,25.21,492658952,23901336,19143180,89837435,33355856,3704085,35.8,-19.08
현대공업,신규상장,7500,2013-12-04,10000000,13.54,8.65,,,,133.57,117.64,112.67,52.7,,,107227140,9209911,7346697,27232650,10514444,1547323,-12.37,22.21
알티캐스트,신규상장,8500,2013-12-06,18194997,100,21.08,13.79,4.46,12.36,173.74,173.7,155.56,1.07,2.43,3422.14,65274786.11,4401773.56,4499777.99,37076229.99,16856034.86,13573050.09,,
기가레인,신규상장,5500,2013-12-19,15963213,28.28,21.48,,,,67.86,47.63,201,7.98,,,56031606.95,10109563.61,8508534,26474927.49,14270082.98,34645843.85,133.71,305.84
인트로메딕,신규상장,6000,2013-12-19,6952178,75.04,17.01,,,,99.12,89.35,2107.68,1.73,,,8569156,451489,451489,620553,1761649,7371433,0.4,-26.71
SGA솔루션즈,신규상장,2000,2013-12-20,7000000,38.33,5.97,,,,109.39,102.75,119.06,35.06,,,10203369,515973,632057,5376470,1256020,406384,,
현대이지웰,신규상장,4400,2013-12-27,9893000,67.9,16.35,22.64,1.17,-17.32,104.36,98.33,109.72,42.55,25,35.91,26985935,3789282,2938338,15726823,5368652,-2943335,48.25,128.67
솔루에타,신규상장,24000,2013-12-27,5129925,31.85,17.78,,,,124.48,91.54,217.3,8.29,,,63495729.17,8526313.87,6827674,14072248,12795645.76,16668482.96,76.69,307.09
한국정보인증,신규상장,1800,2014-02-04,26965000,100,14.05,,,,193.55,191.28,50.64,,,,32021860,5098464,3991729,26994463,6362394,-16901097,10.22,35.93
인터파크,신규상장,7700,2014-02-06,32430190,11.02,1.38,3.52,481.78,326.97,139.22,130.07,106.33,3.36,7.45,50.68,2488616161,55804951.7,12496562.48,388844548.6,67722156.15,56594955.32,14.6,1.12
오이솔루션,신규상장,10000,2014-02-27,5179610,25.03,9.74,68.53,39.06,73.79,164.99,124.9,296.39,4.68,7.43,7.35,66602748,5322211,5147316,10286518,8194170,-4910049,,
케이사인,신규상장,2000,2014-04-28,7715100,100,26.18,,,,329.88,323.44,38.35,76.97,,,20677839.14,5763007.42,5037241,18475005.58,5989649.62,-12044293.1,50.68,113.15
나노,신규상장,2000,2014-05-08,5500000,16.93,7.79,12.64,205.66,221.65,93.8,59.08,301,3.08,9.29,6.42,62767362.69,2448263.88,1752308,14821764,6982853.56,28811580.05,96.82,93.5
캐스텍코리아,신규상장,6500,2014-05-27,12373089,14.62,6.73,13.16,7.36,2.31,118.21,74.04,162.7,4.1,4.37,5.7,201761510.2,12153498.29,9471901.2,76442349.37,23444380.34,81306192.9,6.29,23.55
우성아이비,신규상장,2000,2014-06-10,2710000,23.22,9.29,22.73,34.56,64.5,103,60.9,202.75,3.9,4.8,4.85,31298972,3116987,2546184,13890796,3956521,20861494,29.02,-6.43
트루윈,신규상장,10500,2014-07-11,6336000,29.22,17.25,90.1,128.36,553.64,88.07,58.57,253.42,6.73,7.18,10.11,51040532.65,7611130.27,7759023.04,12492396.88,14201272.45,23795546.19,15.98,62.11
콜마비앤에이치,신규상장,2000,2014-07-23,7000000,18.2,13.88,,,,172.31,121.88,52.5,55.05,,,93856100.74,12556699.1,9841086.05,38773353.29,13942589.42,-12281494,67.39,70.57
아진엑스텍,이전상장,7000,2014-07-24,5630000,48.68,18.83,23.21,8,8.79,198.01,148.37,63.73,16.11,3.73,3.86,18912607.53,3334674.82,3278117.89,15735582.85,4226408.76,539350.66,-14.71,4.6
윈하이텍,신규상장,8300,2014-07-25,6600300,23.06,16.23,35.05,27.9,99.04,117.67,87.72,84.11,15.35,7.46,10.06,57400926.29,8787882.6,7122896.09,22972995.52,10250819.59,4955728.61,198.52,450.37
창해에탄올,신규상장,8300,2014-07-30,6175230,20.4,6.4,40.19,9.44,239.68,73.75,33.32,197.64,3.2,4.34,3.69,136225573,18645195,24715916,69015874,15645635,115884443,90.65,-47.82
덕신하우징,신규상장,13000,2014-08-01,8012000,23.09,12.9,38.1,9.55,45.66,147.03,111.41,98.52,15.24,3.94,10.66,104433514.6,14190256.51,11717698.37,38000086.38,15507613.21,16317732.22,-2.48,164.74
파버나인,신규상장,12500,2014-08-04,4083000,11.48,7.82,27.33,158.24,103.49,53.95,35.13,115.51,6.19,41.96,33.74,119801923.3,7965623.01,6658579.63,27714523.64,12095824.43,20847260.64,46.84,100.93
신화콘텍,신규상장,9100,2014-08-08,7469661,23.84,16.06,,,,176.15,141.55,143.93,16.75,,,53771574.19,8086263.99,6538947.2,14620762,10793537.77,5222955.15,183.99,534.22
고려시멘트,신규상장,2000,2014-08-13,7000000,18.3,9.82,33.44,203.59,45.47,227.47,195.39,92.1,12.38,3.88,19.36,71683283,7991900,6445045,29554497,9209708,9361816,,
THQ,신규상장,11000,2014-08-14,2406800,16.71,8.53,14.04,-38.08,-53.6,339.04,300.4,33.23,,3.75,10.6,29198185.28,2803399.96,2731586.12,20821513.98,3454960.28,-17919923.94,103.88,94.93
프로스테믹스,신규상장,2000,2014-09-30,10520000,60.92,16.28,25.32,103.18,1082.2,254.66,104.37,33.24,7.66,13.38,6.75,10044340,956723,956723,4180535,1961643,329222,178.42,113.52
데브시스터즈,신규상장,53000,2014-10-06,10800000,99.96,39.3,,,,276.48,275.39,51.28,62.11,,,61302554,23781422,22326467,20048978,24191479,-19811972,,
메디아나,이전상장,6200,2014-10-07,7220780,35.46,11.01,,,,200.05,137.77,77.36,14.33,,,33670766.39,3546347.32,3208632.54,15403840.45,5191508.54,706400.21,6.12,4.47
드림시큐리티,신규상장,2000,2014-10-13,5500000,,,,,,,,,,,,,,,,,,,
영우디에스피,신규상장,5000,2014-10-29,4606182,14.49,9.88,104.24,218.16,588.39,95.65,93.98,97.16,5.44,14.01,641.63,89649772,7345784,10239300,15319494,9767546,4173387,-46.19,58.11
테라셈,이전상장,3000,2014-10-30,13966340,32.42,20.4,74.46,33.58,69.25,154.75,139.42,62.71,19.12,10.66,26.4,32384436.11,6362509.69,5074716.58,12278778.89,7358375.27,-1359622,63.75,358.7
슈피겐코리아,신규상장,27500,2014-11-05,6216363,53.05,23.51,,,,521.75,467.17,20.94,286.73,,,66480527.93,16297650,11627290,38546261,15941894,-25739372.03,35.73,21.09
테고사이언스,신규상장,13500,2014-11-06,3560000,80.33,28.85,12.46,-0.82,-3.81,2274.27,2215.58,16.1,15.92,1.61,17.49,6307120,1961296,1596167,13607563,2066925,-6810103,,
엑셈,신규상장,2000,2014-11-07,4200000,67.04,25.62,26.01,30.52,78.82,305.69,305.69,39.26,180.86,5.82,,16109905,3653405,3076612,13368079,4614601,-10530629,17.21,12.69
액션스퀘어,신규상장,2000,2014-11-12,10520000,,,,,,,,,,,,,,,,,,,
디에이테크놀로지,신규상장,6600,2014-11-19,5243700,16.21,9.47,22.32,44.14,31.8,176.73,166.28,139.24,6.9,3.63,43.62,28862676,2405935,2080529,9361139,3257073,3451997,-12.36,-19.82
글로벌텍스프리,신규상장,2000,2014-11-19,6000000,100,32.13,,,,125.67,125.67,121.76,71.61,,,7559157,2261490,1750104,3508866,2660923,-725147,,
지엘팜텍,신규상장,2000,2014-11-20,4500000,44.56,3.6,4.76,-6.35,-2.31,354.31,354.31,55.3,2.22,1.43,,3765585,175242,175242,3768257,336123,-333395,,
파티게임즈,신규상장,13000,2014-11-21,4592400,100,33.77,,,,645.14,645.14,31.14,73.94,,,27040138,8704028,8747931,15744562,9256285,-11017014,,
텔콘RF제약,신규상장,14500,2014-11-24,5022000,26.64,21.14,,,,305.46,272.2,43.05,65.7,,,46638653,10105631,7889194,22506740,10083920,-11348943,55.09,154.73
휴마시스,신규상장,2000,2014-12-01,5500000,59.34,22.28,,,,285.21,194.87,59.41,12.64,,,6714315,1412339,1412339,7014552,1978988,1798950,,
에프엔씨엔터,신규상장,28000,2014-12-04,6302915,28.65,11.13,,,,100.53,95.83,201.77,5522894,,,49614266,5494628,2803805,9451424,6752186,-7217079,36.52,30.7
대창스틸,신규상장,2500,2014-12-05,14566000,5.34,2.68,3.81,-9.48,17.54,82.48,52.18,148.3,1.94,4.66,7.1,334289187.6,4641155.86,3715578.37,98623481.19,11205560.48,94084750.28,,
PI첨단소재,신규상장,8000,2014-12-08,29366322,37.61,29.51,12.21,15.27,44.41,257.53,195.44,24.41,25.37,8.78,6.63,133705041,32970956,25689542,212119637,51904423,-21052115,7.17,-18.07
베노홀딩스,신규상장,2000,2014-12-10,5500000,,,,,,,,,,,,,,,,,,,
알테오젠,신규상장,26000,2014-12-12,5579333,68.31,27.33,32.64,39.59,-9,859.31,859.31,37.74,12.81,7.94,,5527341,1611646,1606019,6038718,1637494,-5687119,,
미스터블루,신규상장,2000,2014-12-12,5500000,,,,,,,,,,,,,,,,,,,
비씨월드제약,신규상장,15700,2014-12-15,5855723,50.72,13.33,13.74,19.14,101.8,182.88,129.98,63.65,4.92,2.86,4.1,30375365,3358326,3334548,25921001,5283506,6422686,-4.68,-40.44
랩지노믹스,이전상장,13200,2014-12-16,3966276,50.07,9.21,10.21,12.99,24.7,190.94,185.27,71.98,10.95,1.97,56.23,16967819.41,1073471.97,1259931.43,13206003.48,2949023.18,1702736.29,10.25,-1.45
에이디테크놀로지,신규상장,15000,2014-12-16,4009695,17.42,9.57,,,,179.98,172.28,98.18,20.67,,,43702213,3140281,3062435,11226488,4641023,-4050282,8.42,35.76
녹십자엠에스,신규상장,6000,2014-12-17,9560000,18.71,4.52,14.51,-4.84,-22.05,127.67,91.22,164.3,6.25,3.31,6.99,61986425,1913719,2178149,16252784,3612191,9235344,18.36,-35.68
하이로닉,이전상장,51000,2014-12-17,2774729,62.22,27.06,48.14,19.18,31.59,696.9,548.27,17.79,433.82,17.89,8.31,13419748.76,3361839.38,3095707.35,7945546.37,3714753.19,-5340485.37,85.64,232.82
디티앤씨,신규상장,18500,2014-12-17,9437374,51.83,24.83,39.06,47.76,66.68,130.34,130.34,75.84,10.25,6.85,,19811880,5010446,4539530,17777676,6532414,3892700,48.51,55.46
정다운,신규상장,2000,2014-12-17,2710000,19.13,8.31,16.39,-3.22,181.98,70.26,52.15,256.23,5.05,14.85,14.27,78124190,3357366,2589828,17180844,8364157,27374898,-1.86,-73
셀바스헬스케어,신규상장,2000,2014-12-17,5400000,,,,,,,,,,,,,,,,,,13.75,54.77
아이티센,이전상장,7500,2014-12-23,4311520,19.62,4.12,9.52,4.03,-25.97,103.2,74.94,232.18,2.2,7.72,17.65,137560306,2826878,1530171,18522063,6423725,34428356,695.62,960.59
NEW,신규상장,16300,2014-12-23,13203053,24.62,15.11,,,,133.12,133.12,274.37,39.43,,,126443565,21376620,18988438,31182655,19748353,-11438604,,
아스트,신규상장,9500,2014-12-24,12516293,0.56,-6.75,-22.09,35.95,-199.61,84.16,34.36,258.3,-1.07,4.93,2.48,60884696,-7186891,-6517352,27256436,222886,54064505,33.65,128.46
오킨스전자,신규상장,7100,2014-12-24,6200000,29.09,7.17,,,,107.88,76.2,136.55,2.38,,,37265972,1676049,1439878,20258582,10070857,16377154,9.73,39.67
서전기전,신규상장,6500,2014-12-24,4849390,31.96,12.64,41.39,18.72,-14.26,138.05,79.8,83.28,138.28,8.7,9.92,54843462,7040818,5700906,14794271,7335676,642644,18.84,41.16
지란지교시큐리티,신규상장,2000,2014-12-24,5220000,,,,,,,,,,,,,,,,,,,
바이오로그디바이스,신규상장,2000,2014-12-24,5100000,20.64,15.98,,,,213.62,204.56,61.95,322.54,,,40052647,6626031,5634828,7245027,7060703,-4487293,,
에이팩트,신규상장,1500,2014-12-26,17553680,17.35,11.75,5.92,2.18,49945.36,61.17,61.17,88.33,2.04,24.59,,32368054,2586579,2120875,36898517,19186955,20880982,-12.63,-99.88
휴메딕스,신규상장,28000,2014-12-26,5689031,50.23,31.98,90.41,101.16,715.43,546.59,450.22,62.18,12.37,7.46,10.92,23543544,8724769,9136679,14707193,8720239,429202,-3.28,88.83
바디텍메드,신규상장,2000,2014-12-29,4600000,59.4,24.96,23.12,26.71,1.99,586.82,516.72,27.4,40.27,5.8,8.16,22888296,6150749,5830535,32626167,6716172,-12034620,64.99,276.4
국일신동,신규상장,1700,2014-12-29,11090000,12.21,7.91,6.78,11.75,15.28,180.51,110.8,49.77,10.87,3.7,4.95,35487096,2629740,2041761,31729862,3319786,9063996,0.23,327.03
와이제이엠게임즈,신규상장,5500,2014-12-29,2693705,21.28,13.78,,,,185.64,141.82,102.33,72.1,,,46853888,6422906,5176736,9492895,6813170,698774,,
스튜디오산타클로스,신규상장,2000,2014-12-29,6815000,,,,,,,,,,,,,,,,,,,
썸에이지,신규상장,2000,2014-12-29,16000000,,,,,,,,,,,,,,,,,,,
포시에스,신규상장,9100,2015-02-11,6212799,75.68,32,22.25,6.44,-16.37,1691.03,1691.03,4.85,,5.84,,12846942.9,4575166.87,4144769.38,23581769.4,4178732.31,-16481031.49,15.22,19.73
FSN,신규상장,2000,2015-03-25,5350000,54.77,-3.74,286.67,57.29,54.72,80.62,80.62,-701.15,-1.66,4.2,,12613272,-880781,-880781,-747639,-390022,1894866,,
클래시스,신규상장,2000,2015-04-03,5500000,66.71,20.21,,,,335.79,335.79,39.83,1899.55,,,13058120,3144554,2514722,5361020,2774023,-5604241,,
에이비프로바이오,신규상장,15000,2015-04-13,10314800,30.35,19.95,27.45,61.5,96.55,296.39,198.86,78.78,13.61,5.82,5.21,85999035,18004656,14750678,66790888,17982823,-2453064,-11.6,-36.02
디알텍,신규상장,2000,2015-04-20,4433000,39.5,2.73,11.92,2.49,-51.67,121.27,59.27,148.85,0.94,5.61,3.63,24221851,553726,965111,8445283,1865951,7338553,-10.49,-56.37
로보로보,신규상장,2000,2015-04-22,2800000,,,,,,,,,,,,,,,,,,,
휴센텍,신규상장,2000,2015-04-28,5500000,,,,,,,,,,,,,,,,,,,
이노인스트루먼트,신규상장,2000,2015-05-08,7000000,,,,,,,,,,,,,,,,,,,
토박스코리아,신규상장,2000,2015-05-13,3535000,45.11,10.79,,,,161.79,108.68,442.85,12.81,,,4114838,299966,291262,491972,474252,1277183,,
우정바이오,신규상장,2000,2015-05-18,5500000,41,8.64,,,,239.83,219.27,122.27,14.6,,,14859577,1203584,880487,5618843,1406401,-517184,,
제노포커스,신규상장,11000,2015-05-29,6754667,41.22,22.63,36.32,155.8,471.35,239.95,230.96,75.35,9.07,4.06,21,6148464,1370297,2181558,9661375,1483701,1172511,,
디딤,신규상장,2000,2015-06-10,7450000,31.51,3.09,,,,50.07,37.86,439.5,1.44,,,58474330,690892,758550,7419742,3224692,23989350,,
픽셀플러스,신규상장,30000,2015-06-12,8166558,29.18,17.58,21.59,-17.05,-53.05,967.17,849.49,10.44,,147.06,11.22,123936525,23724986,19958176,101087899,22927057,-84546143,,
러셀,신규상장,2000,2015-06-16,4750000,22.49,5.59,6.48,-31.48,-13.07,395,235.71,25.79,19.76,5.84,4.02,13014824,684505,660870,10371005,814387,-1752975,83.16,556.83
싸이맥스,신규상장,16300,2015-06-17,5354863,18.05,10.67,25.52,10.22,16.07,289.38,244.3,49.36,,2.7,8.6,54713634,6197506,5993175,26292270,6592694,-8731947,43.56,93.96
넵튠,신규상장,2000,2015-06-18,5124000,100,-60.95,,,,123.39,123.39,-166.64,-6.82,,,1571206,-4044374,-3705703,-4493646,-912784,2629843,,
미래생명자원,신규상장,2000,2015-06-18,3530000,17.62,6.75,9.16,-5.72,-8.26,302.34,225.79,37.63,,3.32,7.32,24167015,1620652,1282062,14642365,1724654,-2086861,-13.66,-13.35
베셀,이전상장,9000,2015-06-19,4119655,26.83,13.17,,,,121.83,121.5,274.05,4.31,,,57173960.88,6991358.37,6059834.06,13410039.96,8116105.37,9346878.18,34.76,98.15
에스엘바이오닉스,신규상장,11300,2015-06-25,5200000,24.19,17.89,,,,93.4,72.46,102.14,28.91,,,48136922,7542443,6239179,18528870,11751484,-462078,78.13,-73.91
이큐셀,신규상장,6500,2015-06-26,5813000,30.44,11.95,25.26,73.6,493.06,105.72,102.47,132.74,4.97,6.42,47.93,32464906,3949344,3473213,13255635,5057281,6860885,-1.91,-74.61
코아스템,신규상장,16000,2015-06-26,15717440,27.47,-13.89,-97.8,255.4,25.03,127.03,125.62,129.77,-1.85,3.78,129.47,12987985,-6279626,-6801503,11531747,-871339,-2847064,,
켐온,신규상장,2000,2015-06-26,7000000,27.47,15.79,16.28,28.93,168.44,179.62,174.46,46.98,168.49,3.85,133.71,13252878,2145765,1554580,10410238,2771998,-1462153,,
동운아나텍,신규상장,10000,2015-06-30,5577000,37.46,12.31,32.56,-4.42,-25.59,232.6,134.13,63.02,16.26,6.77,5.13,44453338,4915418,5747377,20196813,6690851,380697,52.84,163.6
유테크,신규상장,9000,2015-06-30,4915300,18.91,12.97,21.04,11.77,88.03,155.72,145.28,171.47,4.19,4.12,41.81,51361692,5305610,4184690,23544633,12476883,26656565,18.17,36.8
민앤지,신규상장,28000,2015-06-30,5682814,100,34.08,,,,785.96,785.96,67.48,21.95,,,17677355,5711240,5283603,10923103,6290822,-7426859,,
RFHIC,신규상장,2000,2015-06-30,6830000,42.43,23.6,18.01,-16.82,-28.72,430.02,181.28,34.14,57,35.58,1.43,64200389,15823210,13148100,92894146,17128553,-16185518,65.49,272.29
켐트로스,신규상장,2000,2015-07-27,3020000,9.87,5.01,5.84,-4.61,-42.19,326.02,234.53,71.57,2.68,4.24,6.7,14283439,688695,563270,10072881,1554900,4088551,2.59,-24.73
로지시스,신규상장,2500,2015-07-29,9340922,10.89,5.98,14.86,0.16,3.87,350.58,347.14,44.8,,8.72,252.79,32026270,2238002,1745316,11530184,2268339,-7774955,48.44,16.64
아이쓰리시스템,신규상장,36000,2015-07-30,3317400,21.98,15.07,,,,209.55,98.77,111.27,5.64,,,30914384,5052807,5259143,21845960,8024376,11686144,15.26,30.68
아시아경제,신규상장,3600,2015-07-31,25244030,40.96,12.11,,,,293.97,279.09,49.6,18.18,,,75435069,9039486,6000494,29167885,10939513,-19154644,0.97,15.87
칩스앤미디어,이전상장,10500,2015-08-05,3397702,100,18.78,17.48,7.92,59.47,430.35,430.35,24.14,19.14,2.62,,10808046.38,2190606.99,2518110,15649355,2543143.28,-6483878.02,12.84,45.12
쎄노텍,신규상장,2000,2015-08-06,3300000,30.7,14.52,16.18,12.26,115.57,293.15,138.97,56.05,10.76,5.26,2.84,31880952,3991985,3279792,21905056,5984742,6363127,-5.55,-13.26
흥국에프엔비,신규상장,20000,2015-08-07,6716250,43.15,22.72,31.19,15.79,18.89,155.47,70.09,67.89,15.23,12.35,5.09,35041596,7672288,6117572,24468578,9942045,9649139,25.3,54.35
마이더스AI,신규상장,2000,2015-08-13,3100000,35.9,9.18,11.36,-3.54,-5.95,167.52,165.17,80.07,13.2,3.74,70.53,15084930,572193,998334,9386815,2158698,-1512708,12.5,64.81
파인텍,신규상장,10500,2015-08-17,4997621,12.93,4.43,34.41,39.77,15.49,85.56,66.22,454.19,2.82,6.27,12.11,210838381,6128256,5834750,19680537,14248308,41294408,19.38,2861.22
웹스,신규상장,7200,2015-08-24,6254000,32.58,15.3,18.8,-0.66,28.63,218.05,141.77,78.25,7.16,8.94,5.24,27877532,3718406,3327509,20484838,5940451,3074684,-13.93,18.57
맘스터치,신규상장,2000,2015-08-28,6750000,27.32,8.49,105.45,62.56,196.8,123.39,67.41,240.69,371.62,31.23,19.9,79457332,6540271,5375278,7735838,7028188,4915848,,
씨아이에스,신규상장,2000,2015-09-02,7000000,18.36,-10.64,,,,322.18,238.88,31.57,-27.33,,,11587502,-852313,-613795,24060935,-911923,-2945528,-49.24,-92.6
인포마크,신규상장,14000,2015-09-23,3503708,22.26,5.85,22.34,15.4,16.14,128.14,51.59,157.69,4.51,12.93,4.03,70656583,2927546,3389307,14449865,5331695,16355412,-21.06,-39.74
제너셈,신규상장,10500,2015-09-25,4384587,36.77,17.42,56.4,78.79,699.6,127.69,98.06,129.74,17.34,6.27,11.72,32193260,5753863,5028262,10930086,5840027,5295748,-21.82,2.97
타이거일렉,신규상장,6000,2015-09-25,5589290,20.98,13.51,15.36,18.73,77.95,212.8,158.47,72.13,9.66,5.63,8.45,25899934,3579443,2772247,19424965,5162327,4262396,,
넷게임즈,신규상장,2000,2015-09-25,9050000,,,-32.12,,-92.07,91.25,91.25,193.8,-3.76,,,,-904470,-904470,2560806,-668172,3340910,,
패션플랫폼,신규상장,2000,2015-10-05,5105000,46.14,9.86,37.89,34.15,115.99,151.97,58.53,143.96,22.26,8.05,3.3,20587423,1920254,1624449,5099519,2236306,1679200,,
한송네오텍,신규상장,2000,2015-10-06,4450000,17.35,5.07,17.77,31.63,51.53,124.29,106.56,185.64,4.41,3.45,19.11,35644596,1344242,1315471,8059590,2478241,8737050,-0.62,8.24
케이엠제약,신규상장,2000,2015-10-08,4500000,36.29,19.29,33.82,13.6,58.5,138.66,91.15,162.11,5.87,11.09,6.29,8347043,1330471,1148122,3918723,1869986,4538271,,
뉴지랩파마,신규상장,8900,2015-10-13,5744821,13.72,5.66,15.57,-7.29,-46.42,183.06,128.78,74.03,23.95,7.33,11.22,66063451,3662096,2664103,18442330,4828409,-411467,-8.86,-10.56
엑시콘,이전상장,10000,2015-10-22,8883500,34,14.44,16.47,51.42,72.84,207.34,127.17,69.58,6.09,5.61,4.89,38035514.97,5421934.58,6031100.03,39551088,10126508.09,15342812.26,-38.03,-73.51
KH E&T,신규상장,2000,2015-10-22,5315000,36.04,10.46,17.56,52.09,-4.94,150.96,150.81,79.45,77.68,5.67,1038.6,22140814,2211736,1677367,10084413,3259031,-4062968,-7.56,2.48
엔케이맥스,신규상장,17000,2015-10-23,10072552,65.22,-301.9,274.9,11.69,-135.76,375.37,268.16,-419.36,-46.48,15.49,1.14,1678158,-5840187,-5840187,-2395643,-4778358,4856909,,
연우,신규상장,25200,2015-11-02,11552600,15.61,7.2,10.53,7.19,24.38,106.43,83.47,87.27,6.64,6.16,15.06,168758645,10888234,8670204,86685686,21289406,44296873,3.55,-43.69
더블유게임즈,신규상장,65000,2015-11-04,17089768,100,41.14,102.04,57.34,126.03,607.71,607.71,22.67,,10.27,,71256798,31089863,28133199,41388326,29380409,-21602470,1024.94,1419.2
본느,신규상장,2000,2015-11-05,6500000,29.99,7.63,,,,152.36,100.06,497.45,23.35,,,5896978,339049,273754,343216,532961,373243,,
유앤아이,신규상장,30000,2015-11-12,7037087,63.02,13.68,17.99,11.26,34.74,131.03,86.81,279.52,3.16,2.99,2.47,15639342,1574656,1552991,9252168,2849254,14141342,3.09,696.95
나무가,신규상장,37000,2015-11-12,2924383,7.03,0.82,10.09,-0.45,-66.75,98.42,64.6,599.85,1.03,7.76,8.41,218330936,2422564,1821999,19368729,5873430,34903921,155.25,46.6
아이진,이전상장,13500,2015-11-16,10000000,100,-1997.31,-65.56,-17.4,17.67,472.38,472.38,43.84,-98.68,,,153793.71,-2925835.29,-2925835.29,3853662.94,-2995208.55,-4585533.24,-58.73,-93.13
케어젠,신규상장,110000,2015-11-17,10710000,80.4,53.91,29.23,35.16,77.05,631.79,594.52,12.66,,6.61,17.11,28685576.15,17189324.97,13711539.07,55015790.22,16371532.3,-27932990.97,7.96,-3.26
네오오토,신규상장,12000,2015-11-18,5250000,13.22,7.6,22.68,-8.97,121.79,119.25,107.02,115.63,6.6,7.81,28.68,108775562,8357364,6831455,42171602,22965085,12430952,12.39,31.54
엔투텍,신규상장,2000,2015-11-18,7550000,19.74,-1.21,-12.27,-3.43,-120.92,100.09,47.6,280.23,-0.41,4.51,2.84,12833226,-572913,-572913,4384032,1049608,6561538,40.69,10.15
매직마이크로,이전상장,5500,2015-11-19,6222125,18.41,8.06,27.75,-8.76,-7.52,122.89,97.72,93.42,6.97,10.55,13.8,53279403,5220526,5251884,21554153,9895944,9043218,1.57,96.05
케이디켐,신규상장,16000,2015-11-19,4034800,24.47,14.3,18.19,-1.95,47.83,305.67,156.45,33.32,23.99,3.48,3.3,43294849,6517598,5372692,31996131,6690680,5456665,8.36,-8.68
캔서롭,이전상장,40000,2015-11-20,2074820,41.73,7.72,4.88,21.05,1956.81,688.65,645.4,7.28,1.8,6.69,23.3,4690803.04,224652.71,208078.12,7182053.78,638948.5,-2554317.64,,
하이즈항공,신규상장,18000,2015-11-25,17446167,25.91,15.92,24.61,3.61,66.39,97.17,86.91,193.98,5.37,15.75,15.43,31291333,4449595,3609767,16846535,6665084,16604195,47.6,115.78
미래테크놀로지,신규상장,16100,2015-12-01,5500000,38.43,26.79,30.36,45.98,37.09,923.94,834.14,10.49,,20.74,15.41,17387928,4871731,3897191,15393927,4742151,-11876248,,
엔에스,신규상장,8000,2015-12-07,4900000,21.77,11.22,26.92,61.9,78.64,124.27,54.04,137.2,29.6,6.68,3.54,20779567,2512983,2068432,9553423,2598750,2119582,,
멕아이씨에스,신규상장,4500,2015-12-14,5361500,51.51,3.48,,,,56.07,35.56,1008.51,0.46,,,8547037,-237082,-31560,1825302,550108,13646828,,
예스티,이전상장,14500,2015-12-16,4327321,19.95,6.65,3.89,83.26,6931.27,79.36,45.04,252.02,2.03,6.94,6.05,40422694.51,685650,670446.1,13348602.57,3935159.8,16680103.77,-5.27,-90.58
코스맥스엔비티,신규상장,21000,2015-12-16,10314000,19.56,7.38,19.64,19.66,14.01,64.81,39.25,266.03,4.97,7.98,9.7,46914079,2751148,2218267,12325059,5861893,19919907,,
에치에프알,신규상장,2000,2015-12-16,8000000,21.78,4.43,-1.98,-19.38,-33.87,157.1,130.92,86.01,5.32,1.94,7.86,47143114.64,-895135.81,-719879,35971398.86,3516425.49,11883335.4,-39.02,-71.81
파크시스템스,신규상장,9000,2015-12-17,5931155,55.28,-0.53,-11.11,-6.09,93.08,244.74,158.49,197.93,-0.14,3.47,2.56,15293439,-748854,-716893,6088358,441008,3297644,-21.95,-208.37
보광산업,신규상장,4000,2015-12-17,11490000,41.77,31.87,28.76,-25.21,57.42,37.21,33.17,141.29,7.34,7.01,39.16,31520937,4485024,3930058,19242936,12795846,14067798,-0.32,187.37
메가엠디,신규상장,3000,2015-12-18,20401568,63.01,11.03,11.78,4.93,-24.91,95.15,91.3,48.85,,20.54,82.31,64821314,6881936,4446090,40272981,9145178,-8924745,26.28,-5.63
에이치엘비제약,신규상장,6500,2015-12-21,7023345,27.38,2.53,7.39,11.74,27.26,114.18,94.22,345.24,0.93,2.5,7.79,17164364,125845,304575,4814101,1147660,5139052,4.64,-70.48
강스템바이오텍,신규상장,6000,2015-12-21,13817150,75.98,-2158.04,-66.52,-49.29,-59.87,350.22,329.22,61.22,-117.8,3331.06,1.77,208191,-4434861,-4434861,4449521,-3941487,-1547698,,
아진산업,신규상장,6500,2015-12-22,12415300,18.04,8.97,23.33,7.74,22.75,65.93,52.96,497.59,1.75,6.51,19.1,295750550,21587172,14122815,63279484,50601156,218214414,-7.4,-24.03
덱스터,신규상장,14000,2015-12-22,9630524,35.07,25.38,33.84,37.51,265.03,369.86,369.86,28.07,48.82,2.93,,18665493,4687913,4119931,14235539,6276336,-440456,,
한국맥널티,신규상장,8000,2015-12-23,4975000,27.97,2.9,58.41,26.26,-64.06,127.08,92.41,124.46,1.86,9.69,7.93,19691229,6486199,5598900,9970511,2364137,4036661,2.38,35.6
휴젤,신규상장,150000,2015-12-24,3284058,70.36,38.39,37.8,38.33,33.7,96.27,93.3,127.89,14.26,2.63,23.15,40349968,15615866,13150407,42673580,16096564,8386366,41.2,43.87
육일씨엔에쓰,신규상장,6000,2015-12-24,8522980,14.7,7.62,17.26,-23.53,-21.57,98.21,81.53,271.68,15.39,10.72,17.24,106907674,6152706,2876311,18102185,11080374,6284998,,
경남제약헬스케어,신규상장,10000,2015-12-24,5227400,13.6,8.36,124.24,143.15,2544.2,176.74,167.52,385.72,40.85,7.31,75.62,33558805,2886906,2506338,3263973,2891780,-2689489,,
와이아이케이,신규상장,2000,2015-12-24,10620000,23.22,8.87,50.47,40.27,-3.34,131.49,31.73,187.54,51.98,27.23,4.71,99314434,8640385,6964412,16837116,10718718,-838943,482.6,924.53
에스와이,신규상장,5000,2015-12-29,6200000,7.64,3.24,12.61,29.31,38.69,73.54,65.22,265.75,2.88,5.36,39.62,151337572,3909156,3106747,26160311,6383894,37110551,23.72,35.36
코디엠,신규상장,4700,2015-12-29,3793630,10.24,5.02,51.58,49.62,457.26,99.03,65.68,462.55,5.42,3.4,6.48,38105360,2197228,1913663,4674625,2482161,8364851,8.71,79.99
자안바이오,신규상장,13000,2016-01-27,3460340,25.81,8.65,37.79,30.23,85.5,143.74,104.59,277,5.96,3.21,6.91,50872884,4058648,3745192,11775117,5315814,12614154,,
크리스탈신소재,신규상장,3000,2016-01-28,61622771,55.6,43.29,19.41,26.77,3.47,863.06,848.92,10.51,55.44,3.67,31.7,56045768,24398761,20416262,130878188,25886847,-91738778,,
유니트론텍,신규상장,14000,2016-02-02,3310650,14.97,9.02,48.91,15.23,4.04,206.94,112.31,124.56,12.81,9.96,8.3,86379378,7055306,5657009,14506702,7866055,5560177,74.76,130.64
아이엠텍,신규상장,7500,2016-02-03,16787750,24.39,12.61,33.78,67.05,338.05,169.35,138.15,50,81.16,10.53,20.39,46553304,5944115,5380856,18626699,7845717,-2483378,322.39,1017.12
안트로젠,신규상장,24000,2016-02-15,7463435,56.58,-86.45,-10.46,100.3,16.82,968.49,920.34,11.61,,2.7,4.32,1834280,-1415653,-1415653,12960834,-1322079,-8564526,-58.76,-438
큐리언트,신규상장,21000,2016-02-29,7227262,100,-3087.06,65.6,,-53.25,1451,1451,-152.72,,,,215280,-10706197,-10706197,-21683177,-6560672,14438323,,
에이트원,신규상장,2000,2016-03-02,2000000,15.3,4.11,2.44,49.64,1106.22,221.32,221.32,47.55,13.11,5.66,,6787705,59256,63472,2633366,438586,104132,,
AP위성,신규상장,9700,2016-03-04,13097740,42.89,24.81,27.53,-11.94,-30.83,384.87,340.49,26.26,8550.68,8.04,5.89,34570999,8625442,7042065,28867174,9166037,-19440407,200.25,543.91
팬젠,신규상장,16500,2016-03-11,7681318,-0.01,-59.42,-43.63,5.86,-290.37,72.55,72.55,105.47,-2.11,14.94,,3400468,-3012028,-2120053,8212161,-1045836,3886154,17.87,53.48
동양파일,신규상장,10000,2016-04-06,20000000,41.56,30.18,39.21,9.92,35.38,114.92,110.74,115.77,14.58,4.15,33.31,115637947,33165753,24764952,75592359,38023929,38656683,216.34,309.35
씨엠에스에듀,신규상장,23200,2016-04-07,4205350,100,18.35,50.02,20.37,17.06,152.43,149.61,90.29,136.35,38.76,163.18,48197050.22,9057782.84,7060086.09,15029043.43,11083408.42,-11427676.45,,
레이언스,신규상장,25000,2016-04-11,16591014,43.6,22.8,27.29,11.12,78.43,192.21,129.79,56.75,27.3,5.4,6.14,86609301,17931645,14481565,60018200,23478608,3908165,12.66,55.41
줌인터넷,신규상장,2000,2016-06-09,4800000,8.87,0.97,-2.4,6.03,114.52,42.56,42.56,-307.55,1.6,10.34,,16141027,83841,83841,-3286512,1287729,2587899,,
알엔투테크놀로지,이전상장,5800,2016-06-22,6328942,56.38,24.29,11.35,1.97,1.76,433.3,356.4,35.28,6.49,5.4,6.67,10255885.28,1988221.31,1696410.91,16178314.48,4110749.63,2958463.2,10.95,40.79
녹십자랩셀,신규상장,18500,2016-06-23,10554054,21.05,9.34,29.49,11.61,12.1,157.04,157.04,88.21,,11.34,,34489290,3273882,2260240,8959638,3751084,-3860562,12.06,38.9
에스티팜,신규상장,29000,2016-06-23,18484400,37.14,24.97,29.98,43,254.32,88.5,26.52,109.58,7.81,9.7,2.95,138052135,35602170,25188826,110874197,40632565,47326605,14.58,-10.39
로스웰,신규상장,3200,2016-06-30,90781250,35.96,23.56,31.74,16.15,10.1,232.77,210.47,61.99,12.06,1.8,9.22,95460854,20834895,17739947,65188315,23632846,16763073,,
피앤씨테크,신규상장,10200,2016-07-04,6496600,34.35,23.23,27.28,33.14,160.67,375.04,331.69,32.83,428.01,5.87,10.22,23949612,5937313,4889065,20334392,5785470,-12306609,45.71,238.69
바이오리더스,이전상장,15000,2016-07-07,12354310,29.72,-341.12,810.43,26.63,-42.68,228.84,200.42,71.81,-21.28,2.9,1.54,1478186.63,-18639165.75,-18639165.75,5552568.37,-4539816.67,-5273278.43,-25.97,-29.99
위니아딤채,신규상장,6800,2016-07-14,24111530,26.6,3.77,25.98,13.59,183.41,94.47,64.92,308.56,8.3,6.33,9.96,434503644,13732208,11824283,51401973,31114048,11237912,-7.31,-216.67
장원테크,신규상장,17500,2016-07-15,6045000,17.84,12.88,72.82,85.81,473.76,89.05,61.54,102.72,20.6,17.69,19.71,202485446,25115448,21380616,40065862,31414761,16908202,3.09,-200.06
폴라리스웍스,이전상장,5900,2016-07-20,4429352,6.65,-0.09,-6.14,-6.59,-101.05,63.49,48.17,305.46,-0.03,7.04,13.06,31661370.69,-355681.76,-355681.76,6639356.52,3016486.2,11707327.17,32.09,585.93
우리손에프앤지,신규상장,2210,2016-07-27,61157490,26.13,16.99,18.64,-6.74,-22.35,77.25,30.4,155.78,4.64,11.65,36.15,155021912,22827584,14502688,91305709,32966980,88056569,,
엔지스테크널러지,신규상장,10000,2016-07-28,3127180,100,34.15,46.94,20.96,-21.73,186.07,186.07,58.77,2002.66,5.88,,6328284,2232637,1753438,4612041,2285622,-2307218,,
팍스넷,신규상장,5200,2016-08-01,11077521,100,22.53,16.22,10.46,34.79,459.07,459.07,23.3,,10.16,,20588047,4521052,3631436,24196224,5427980,-21192702,-13.97,269.23
에코마케팅,신규상장,35000,2016-08-08,8128571,100,51.95,44.63,20.63,40.09,290.72,290.72,50.53,,6.12,,19664896,11906117,9305701,25545216,10324470,-20943007,,
헝셩그룹,신규상장,3600,2016-08-18,80000000,28.13,19.5,31.44,7.47,8.62,186.64,168.61,65.36,14.01,2.97,17.58,202367680,38574735,28118735,104078982,42538887,14038853,,
자이글,신규상장,11000,2016-09-06,13530910,70.64,16.38,42.83,57.56,46.34,312.85,298.97,19.93,1573.62,11.63,68.62,101923203,16796798,13488262,47826503,18920085,-20749435,142.04,59.26
나무기술,신규상장,2000,2016-09-07,7110000,20.47,1.38,27.68,-2.15,-30.26,144.14,109.82,320.57,2.08,6.77,13.19,31881475,698268,642722,2803293,554866,2707423,11.04,-15.61
모비스,신규상장,2000,2016-09-08,6402000,37.81,17.23,27.76,73.9,10.66,285.61,284.69,92.75,6.02,6.17,122.84,5430567,937692,922573,4575429,981184,-2887462,74.95,599.35
유니테크노,신규상장,10300,2016-09-20,5963760,22.13,9.15,40.53,69.36,82.16,134.34,104.68,108.23,15.96,6.75,18.5,58425384,10498223,8009502,24710063,7135735,9158374,,
예선테크,신규상장,2000,2016-09-29,5210000,28.93,7.19,11.26,-3.28,-38.79,172.97,121.6,104.45,5.22,3.34,5.81,30511285.18,2232960.76,1419784.95,12597871.56,2969617.84,7711687.08,5.52,396.78
미투온,신규상장,3800,2016-10-10,29961122,71.7,33.49,60.3,99.86,396.91,452.55,452.55,20.28,757.38,8.74,,16795265,5787842,5089540,15474046,6064653,-10441520,,
수산아이앤티,신규상장,11500,2016-10-11,6751000,100,31.35,10.29,1.51,-26.17,3396.43,3385.39,3.2,,4.06,68.07,14081607,5020044,4295512,44316087,5482624,-31773047,6.27,-15.92
앤디포스,신규상장,14500,2016-10-12,15068965,40.85,28.45,78.2,23.88,163.67,294.22,259.77,42.81,78.64,10.78,13.26,57457562,16459233,13758486,24456256,17362117,-13622239,85.94,896.98
잉글우드랩,신규상장,6000,2016-10-14,17366154,24.05,10.36,33.39,52.94,33.49,273.58,127.57,73.38,26.5,7.93,5.49,59639860,6194286,5527983,26653868,6813500,10207446,,
에이치시티,신규상장,17000,2016-10-17,4579934,44.26,21.97,28.05,6.49,-16,115.34,115.03,88.18,24.73,3.57,71.1,24453537,5392075,4901171,18763432,7277185,1900983,,
인텔리안테크,신규상장,19000,2016-10-18,7165110,49.94,8.77,20.9,-0.09,-7.84,276.53,168.8,89.83,6.45,4.43,4.4,59488309,5740715,5361623,29616303,7216632,11885793,,
골든센츄리,신규상장,3500,2016-10-19,29800000,32.28,25.7,30.48,31.99,8.23,519.4,493.76,14.53,60.65,2.62,26.97,77805568,19853810,13864762,56268368,21635023,-3729446,,
GRT,신규상장,5000,2016-10-25,67375000,34.56,29.7,29.14,7.24,0.93,220.03,216.68,56.83,24.38,5.42,44.89,164474872,45123489,35046704,168914664,51657080,-27931493,,
에이치엘사이언스,신규상장,27000,2016-10-28,5142148,72.87,12.55,28.51,37.85,19.48,343.12,290.17,19.71,338.92,16.23,19.77,23705272,4266091,3532940,14527818,3196987,-3288791,,
코스메카코리아,신규상장,54000,2016-10-28,5340000,22.03,6.44,24.59,45.13,156.2,98.29,73.81,205.66,14.09,6.12,13.04,99149813,5530224,5027176,22865228,8833851,12425341,,
인크로스,신규상장,43000,2016-10-31,2939035,35.38,20.88,-1.06,-47.75,43.4,140.74,140.74,147.49,564.08,10.43,,26514435,5423673,-230259,21434482,5925129,-11267536,43.39,87.65
세화피앤씨,신규상장,2000,2016-11-02,5315000,42.7,4.7,4.18,9.61,102.58,121.71,75.04,70.05,4.68,5.21,5.77,22015957,460078,496006,12110876,1948028,4665472,0.68,-51.86
얼라인드,신규상장,25500,2016-11-03,3561724,64.84,-8.73,-4.56,75.86,58.22,2186.4,1616.68,13.13,-26.73,6.02,3.52,4095688,-261356,-261356,6062794,-119298,-3239918,,
오가닉티코스메틱,신규상장,4000,2016-11-04,56925000,47.96,28.09,46.11,29.28,37.87,268.48,234.22,29.33,79.69,5.29,12.84,135381039,48741424,34455109,92592552,39947102,-15597147,,
클리오,신규상장,41000,2016-11-09,16873215,62,21.06,99.73,151.99,3340.41,99.87,75.64,131.82,88.31,15.21,15.15,107077015,22814943,17694248,26488853,23961070,-15378806,,
핸디소프트,이전상장,5600,2016-11-24,7459009,27.38,7.66,18.52,-5.96,210.97,220.49,178.29,67.12,2.33,5.5,11.82,41552026.84,3979464.03,3996446.93,22639896.58,3530867.41,-11543600.68,-32.3,-79.98
에이치엔티,신규상장,10000,2016-11-28,6701100,10.96,1.83,5.12,15.96,-39.05,94.53,69.84,195.1,2.83,11.34,15.42,142234228,1994423,1546020,30781513,6451440,8495926,-36.12,-81.05
뉴파워프라즈마,신규상장,17500,2016-11-30,7903379,48.98,15.77,16.9,41.09,32.26,224.04,179.88,51.68,23.07,5.25,7.78,50526095,9500942,8321912,53906815,9311616,-12967671,,
엘앤케이바이오,이전상장,15000,2016-11-30,9926362,66.48,17.61,23.69,58.46,162.84,216.95,158.3,63.12,5.67,2.35,3.14,32045849.28,5723832.85,6299521.24,38425273.18,7218691.13,11794206.73,-23.27,-61.41
퓨쳐켐,이전상장,15000,2016-12-01,5622139,-20.99,-162.28,,,,471.47,415.86,-192.25,-2.59,,,1446740,-24529223,-24529223,-17111968,-1969440,6674076,8.54,-5603.57
오션브릿지,신규상장,6600,2016-12-01,8622720,23.44,14.82,65.75,48.05,295.86,244.61,203.22,58.61,36.14,8.01,23.97,25388918,3720425,3496001,8477151,4404503,-2386339,,
자비스,신규상장,2000,2016-12-02,4500000,38.01,6.58,9.68,2.21,11.5,173.59,87.76,101.94,2.82,4.34,3.02,12717387,382257,495452,7033891,1471879,3542132,7.63,106.81
신라젠,신규상장,15000,2016-12-06,61616527,100,-1313.62,-77.01,-13.19,-59.04,210.8,210.8,76.03,-3.02,0.38,,1809856.65,-54052981.72,-55853787,86935317.77,-20404029.08,-45420768.19,-22.71,-60.79
애니젠,신규상장,18000,2016-12-07,4734831,13.32,-31.79,-119.94,1.24,-95.35,130.37,77.19,239.05,-2.68,3.95,1.66,3722441,-2573797,-2573797,3096488,-355355,403481,-8.25,-246.88
유니온커뮤니티,이전상장,5000,2016-12-07,14679007,37.07,4.75,,,,145.71,108.58,189.64,2.88,,,42764694.62,1935206.17,2238973.5,11638722.31,2978320.58,12201696.45,15.54,-63.12
코썬바이오,이전상장,7000,2016-12-09,21740000,53.74,37.16,36.59,14.48,29.38,486.78,457.73,23.15,,5.45,27.81,25807411.82,9902780.27,7981185.88,26182130.43,10325245.85,-14737154.9,18.01,160.29
마이크로프랜드,신규상장,7300,2016-12-12,10641366,19.93,6.83,10.48,-31.59,-67,280.19,132.92,54.34,14.01,28.64,3.29,36554673,2542652,2265294,22852049,4930704,-4233164,7.5,42.81
TS인베스트먼트,신규상장,1300,2016-12-15,22421004,91.26,55,,,,240.33,,25.39,,,,5975371,3261207,2516925,11085301,3330444,-2579053,,
DSC인베스트먼트,신규상장,1700,2016-12-19,17500000,91.96,37.14,17.77,93.89,254.23,106.33,,33.79,,,,4440168,1631401,1299402,8314952,1681066,632002,,
퓨전,신규상장,11500,2016-12-21,3030000,42.71,26.22,200.28,11.89,1066.82,144.32,111.04,499.71,14.73,3.09,11.41,18784416,4385583,2766127,2767005,5243203,3565891,,
한국비엔씨,신규상장,2000,2016-12-28,6830000,62.57,14.49,16.24,67.69,23.1,456.16,387.16,27.37,23.45,2.63,7.19,10636440,1385289,1416949,12764039,2161229,-4447593,46.96,33.08
유바이오로직스,신규상장,6000,2017-01-24,24231986,-20.37,-169.81,,,,53.34,21.02,-221.68,-2.4,,,1602679,-2828023,-2828023,-11620985,-1434778,7733843,,
서플러스글로벌,신규상장,8000,2017-01-25,18494000,24.45,14.91,26.44,66.17,82.76,189.37,26.81,101.88,9.41,93.34,1.75,95425757,12322233,9653130,41306403,14859521,27660765,,
피씨엘,신규상장,8000,2017-02-23,8921164,42.11,-560.4,-34.68,70.38,-187.94,329.96,325.4,31.85,-29.3,3.81,2.76,243022,-1864166,-1864166,4988681,-1312216,-3542756,-75.27,-58.53
모바일어플라이언스,신규상장,3500,2017-02-24,15000000,14.44,3.52,25.54,1.71,-59.1,117.13,101.01,325.26,2.44,6.46,19.47,53720245,1416798,1679195,8025075,4018873,10665414,2.13,-7.03
에프엔에스테크,신규상장,14000,2017-02-27,5851101,13.86,6.88,20.33,78.92,163.77,137.77,72.87,138.06,7.42,12.81,9.69,44577688,2942899,2793713,15099504,4178779,6226292,-54,-733.66
신신제약,신규상장,4500,2017-02-28,15170500,37.35,10.45,16.55,10.55,171,138.88,112.08,116.53,9.91,2.49,8.93,51614383,5047109,3885684,28219102,6424639,14712294,3.63,2.5
에스디생명공학,신규상장,12000,2017-03-02,22064400,59.05,35.53,111.57,669.79,764.54,278.68,241.58,38.64,133.75,28.06,29.71,74634006,24246715,18286571,30409320,26730000,-17547620,,
아스타,신규상장,8000,2017-03-20,9402523,-4.7,-625.55,-554.1,42.11,1.97,2022.45,1834.54,28.19,-2.04,6.1,1.03,364260,-1924226,-1924226,5306539,-2110579,-4703673,,
코미코,신규상장,13000,2017-03-23,8075000,43.7,16.7,26.72,19.18,95.75,141.57,128.13,156.86,5.69,7.68,28.15,84172728,11910364,7156663,30404330,18738778,11321276,145.82,475.92
서진시스템,신규상장,25000,2017-03-27,5642185,42.04,28.88,94.41,58.15,373.48,60.51,33.66,333.01,6.58,5.67,5.81,77742403,17878040,18247064,33738508,28830725,81334482,,
이엘피,이전상장,20000,2017-04-06,4839500,50.96,37.04,,,,337.07,279.08,42.28,72.72,,,30914029.95,11413457.14,10749434.19,25968676.89,11890379.22,82765.08,58.37,147.34
유에스티,신규상장,2000,2017-04-06,2605000,14.03,9.35,11.46,8.58,6.51,201.43,93.29,42.06,21.06,5.43,2.69,50637435,4347244,3380077,31185727,6177935,7812375,4.63,13.15
와이엠티,신규상장,21000,2017-04-27,3602600,41.36,22.19,21.43,8.89,38.87,180.02,148.96,85.36,7.38,2.84,7.83,49939561,10294288,6455800,37378666,13495944,15076176,27.97,97.25
소프트캠프,신규상장,2000,2017-04-27,3210000,51.69,-23.61,-56.54,-11.95,-152.42,130.76,130.76,170.82,-26.99,2.26,,13781626,-3364480,-3744484,4711794,-1751788,2905632,-0.74,-321.99
하나머티리얼즈,신규상장,12000,2017-04-28,9459737,29.04,18.17,24.52,16.25,12.3,85.22,38.33,74.34,13.84,11,4.78,61280726,11182206,9030783,41724376,16841472,18706684,66.47,154.94
포인트엔지니어링,신규상장,2000,2017-05-02,7000000,25.63,13.28,12.37,40.86,159.87,123.29,112.2,82.64,13.04,3.72,16.14,31274552,3511162,3151664,26565644,6751416,10079642,,
필옵틱스,신규상장,48000,2017-06-01,5775200,15.52,8.54,64.78,200.75,289.72,106.95,100.75,269.22,17.53,28.82,60.12,182780382,15453629,15131226,31153622,18318848,12791999,106.41,28.8
이랜시스,신규상장,2000,2017-06-01,4315000,16.49,8.23,25.71,20.3,-10.02,173.94,159.22,56.07,75.89,4.04,58.07,33937918,3493296,2707209,11917303,3110025,1011182,,
삼양옵틱스,신규상장,16700,2017-06-02,10000000,51.28,31.15,51.79,9.72,11.1,339.86,249.84,25.62,9260.72,10.05,9.6,62786098,19159330,15966108,33948441,21452180,-11912407,10.99,18.84
보라티알,신규상장,14300,2017-06-08,6750733,42.16,22.16,70.21,450.79,392.86,250.57,127.07,75.58,27.52,7.59,4.83,38351961,9323256,7406093,15427953,8757879,3565941,,
나인테크,신규상장,2000,2017-06-22,4020000,18.65,4.91,6.96,9.33,-11.79,138.18,64.03,245.63,11.71,5.93,4.49,27758689,680967,538972,8016875,1730962,4223322,40.87,470.95
덴티스,신규상장,2000,2017-06-26,4260000,46.98,12.55,21.68,23.21,51.72,180.38,130.32,180.5,4.33,1.92,3.81,39485961,4534458,4082741,20257771,6802023,26331782,24.53,116
하림지주,신규상장,20700,2017-06-30,70718000,21.23,7.27,21.75,21.19,28.36,70.44,48.94,205.39,3.83,15.13,14.18,6196497585,447498868,174836402,808314132,679542456,3274063493,30.46,53.44
아우딘퓨쳐스,신규상장,26000,2017-07-12,5925190,43.13,16.92,48.97,126.22,366.24,227.02,175.51,38.79,79.06,11.65,19.9,56780137,9193168,9122506,23206082,10289960,-2855534,57.15,11.5
브이원텍,신규상장,17700,2017-07-13,7366090,49.25,36.59,43.49,107.14,263.82,365.72,321.25,31.68,732.82,4.9,8.51,24455282.59,9542813.43,7942028.4,24152755.69,8996699.9,-15278553.77,,
힘스,신규상장,20000,2017-07-20,4968000,31.95,12.93,28.64,104.71,688.11,147.97,94.45,117.4,14.91,7.88,7.28,50875859.87,6115095.6,4951082.03,22298431.77,7478910.53,-2012921.24,-7.17,-715.61
이즈미디어,신규상장,7500,2017-07-26,7045100,35.74,10.02,22.2,12.9,88.85,146.88,114.64,170.94,9.63,2.62,7.32,43104877.43,4794793.03,4166877.53,20854432.92,4785409.31,527974.18,30.5,-3.22
셀트리온헬스케어,신규상장,41000,2017-07-28,136688120,29.02,23.57,21.4,88.31,59.58,170.47,41.72,206.4,5.48,3.3,0.53,757741187,163109250,122896341,648652709,178753873,193155932,141.02,222
디앤씨미디어,신규상장,20000,2017-08-01,4034223,100,19.55,57.8,31.52,40.72,340.74,330.3,42.3,944.23,8.92,71,18893266,3734258,3011991,6768874,3700498,-5920270,,
지니언스,신규상장,13500,2017-08-02,4854900,55.35,18.49,22,33.23,7.24,452.18,438.81,35.59,17.76,3.58,13.99,20614790.95,3771012.35,3260515,19731432.86,4005526.93,-14936109.39,,
데이타솔루션,신규상장,3300,2017-08-03,15358580,13.44,3.91,22.51,87.41,698.29,148.16,118.33,123.64,19.2,16.73,23.21,100819750,3858788,3054257,17716977,5202662,-4039047,-2.5,-21.34
모트렉스,신규상장,38300,2017-08-04,5336109,21.22,9.03,38.71,42.53,575.81,139.1,73.48,118.98,18.24,7.35,5.93,235228963.6,19597841.38,20303568.83,61851505.52,25450113.2,23765363.35,13.29,-88.13
와이즈버즈,신규상장,2000,2017-08-07,7510000,12.47,3.75,18.24,21.24,3.22,185.14,185.14,114.74,,3.65,,57753537,2023224,2023224,12101346,2456500,-6637487,72.49,84.62
컬러레이,신규상장,3800,2017-08-10,54000000,68.45,57.8,67.16,44.92,65.33,373.41,327.64,24.94,71.64,3.34,7.66,40289983,24059814,19896729,42856040,24594843,-13087735,,
알에스오토메이션,신규상장,6000,2017-08-11,9103140,15.65,4.34,16.27,10.45,44.94,113.1,77.97,222.8,3.97,3.7,5.72,70697897,2388842,3004152,20031898,4569277,13708983,28.77,236.11
이더블유케이,신규상장,5000,2017-08-22,6586600,28.1,15.49,39.63,66.55,82.64,105.17,103.26,292.24,7.28,7.47,90.4,28569861,3963629,3223585,10251215,5028921,12078733,84.09,2023.26
지엔원에너지,신규상장,2000,2017-08-22,4602000,,,,,,,,,,,,,,,,,,,
덕우전자,신규상장,15500,2017-08-28,8110066,27.13,17.88,31.3,-12.18,-13.01,109.44,94.3,55.04,499.71,11.01,27.67,77312103.56,13594478.66,10742616.18,39918744.22,17469260.47,-11342871.55,,
케이피에스,이전상장,14000,2017-09-06,4270000,34.79,15.52,64.54,105.09,409.12,116.17,114.81,332.87,3.35,1.65,49.05,17547374.31,3017524.74,2555349.43,6249766.05,3844144.65,10555095.62,-21.19,-202.05
펄어비스,신규상장,103000,2017-09-14,12066300,100,64.24,101.54,175.25,111.83,468.67,468.67,29.47,395.83,5.88,,92730434.99,58375808.75,50861093.15,78548154.97,60622801.85,-68130824.34,,
샘코,신규상장,11000,2017-09-15,7756131,19.96,8.48,11.42,4.7,29.51,159.45,111.57,80.92,5.28,3.55,6.33,28814071,2225657,2044046,20137575,4274432,9663429,-11.94,7.79
앱클론,신규상장,10000,2017-09-18,6800000,56.91,-51.47,-12.63,60.18,47.98,896.57,896.4,33.65,-32.93,10.71,292.18,3120330,-1539585,-1596675,11979073,-1299968,-9643073,9.05,-49.38
선익시스템,신규상장,37000,2017-09-20,6000000,26.36,16.27,72.47,397.91,572.82,165.9,161.95,90.1,66.88,11.32,139.58,143709381,24364621,23612029,44315691,24968770,4353478,-37.43,-387.17
엠플러스,신규상장,18000,2017-09-20,5111890,24.58,15.11,,,,118.67,56.48,255.45,5.64,,,28031364,4615966,3541906,10806392,4643930,-3624868,,
유티아이,신규상장,25000,2017-09-27,5332145,45.6,31.6,107.67,154.81,267.98,90.92,74.94,164.76,20.31,15.06,12.53,38881708.71,11408085.94,12848562.54,18393448.37,17934637.4,14033483.4,,
신흥에스이씨,신규상장,16000,2017-09-27,6551683,15.48,7.1,10.31,30.55,259.63,89.69,66.05,117.1,9.15,10.19,14.3,100094144.1,6277672.18,4477569,45887585.9,13408996.29,23835343.12,-1.34,-63.79
휴온스블러썸,신규상장,5100,2017-09-28,7876580,26.05,17.42,45.33,32.36,307.66,218.38,192.34,45.73,110.18,6.72,23.19,27164350,4867786,3855610,10677245,4989967,-2185137,,
야스,신규상장,23500,2017-09-29,12930000,30.46,19.35,31.11,159.4,1052.43,202.94,198.55,64.86,59.99,17.59,48.14,82981673,14280552,13063901,49183953,17460821,-22446855,6.51,21.06
인산가,신규상장,2000,2017-09-29,2210000,60.13,9.2,,,,151.67,87.74,137.44,7.37,,,24970715.23,2739744.18,1313711.02,10014827.7,3027382.9,5809554.83,4.7,-43.36
상신전자,신규상장,13300,2017-10-16,3921000,18.25,9.23,30.65,7.48,24.5,151.99,97.28,126.57,15.59,6.99,7.54,72065811.16,5849655.97,5211816.08,18020551.64,7086793.14,4609922.72,,
세원,이전상장,5700,2017-10-20,3633000,21.06,7.29,15.93,6.23,76.08,145.89,132.4,102.07,21.76,5.67,21.82,42352120,2814882,2650866,18419586,5161666,-4758362,13.65,21.95
영화테크,신규상장,12500,2017-10-26,5345090,20.21,10.62,20.71,34.89,91.46,191.14,159.89,59.59,29.22,5.59,11.31,61373259.24,6544035.54,5587199,31102799.18,8534689.07,-4280489.43,,
코오롱티슈진,신규상장,27000,2017-11-06,60379425,100,-29.54,-49.64,4183.11,35.53,784.34,784.34,234.73,-7.89,,,13294675,-4474618,-2622471,8778415,-3546394,-6560376,,
비디아이,이전상장,10000,2017-11-09,5280500,10.79,6.78,25.84,7.89,-37.17,110.94,109.7,325.4,6.16,2.9,134.62,100557956.2,5397446.34,3952901,17253006.42,7230064.91,23557665.75,21.3,648.8
스튜디오드래곤,신규상장,35000,2017-11-24,28037240,13.99,10.77,,,,96.38,96.38,77.82,19.5,,,154446744,10498914,8142776,136109511,38811505,16536157,,
비즈니스온,신규상장,9000,2017-11-30,9544940,100,40.49,,,,259.41,259.41,71.71,4464.86,,,11710995.46,3093618.07,2625554.32,9763892.1,5143511.32,-9992519.99,,
대원,신규상장,15000,2017-12-01,11050000,11.49,6.54,18.37,-14.25,98.41,189.47,105.01,79.9,13.22,26.28,2.52,267470103,47162374,37832585,217486310,19522483,-41471617,-16.13,122.33
체리부로,신규상장,4700,2017-12-04,27872369,16.75,8.13,31.24,18.98,578.78,56.33,27.32,277.36,4.35,16.88,13.55,314406872,19213671,16030747,58971117,37333442,138465123,3.4,126.31
에스트래픽,신규상장,10000,2017-12-05,11450592,21.6,9.86,53.93,44,46.15,163.18,160.59,173.7,33.34,9.05,289.25,88846365.24,8240272.4,7322381.74,16626976.55,9525030.06,-7884545.87,,
메카로,신규상장,33000,2017-12-06,9834640,24.36,6.44,13.1,36.77,-44.6,217.61,113.24,95.2,10.78,9.1,5.84,48134322,3041354,2925743,23767709,5627640,8886397,53.35,788.11
씨티케이,신규상장,55000,2017-12-07,10122151,28.67,19.95,100.54,119.33,113.96,173.79,161.74,105.15,310.37,5.27,31.83,133888368,29936958,23325157,36303399,27244802,-8448029,,
레이크머티리얼즈,신규상장,2000,2017-12-12,4840000,26.35,9.1,,,,94.09,55.07,214.68,1.38,,,24342466.02,-4379128.24,-4379128,15473184.86,4124425.15,25529894.84,51.5,-4.32
디바이스이엔지,신규상장,12000,2017-12-20,6782000,18.86,8.66,18.38,30.27,189.31,119.42,80.25,222.41,19.99,8.04,5.2,70777194,5080957,4540486,25897641,7061650,-22846279,18.14,-13.95
시스웍,신규상장,2800,2017-12-26,18000000,33.76,24.35,47.32,55.7,118.15,272.74,219.73,50.59,104.03,3.05,16.47,24293569,6181920,5213713,13463697,6087585,1732365,,
씨앤지하이테크,신규상장,16000,2018-01-25,4202740,19.79,14.66,43.76,-6.34,40.06,212.9,192.46,68.77,237.23,14.84,32.44,44344825,6913283,5498276,15179978,6938493,-13421930,40.92,61.28
SG,신규상장,6000,2018-01-26,12506024,31.79,12.24,43.72,44.37,62.26,61.82,58.73,235.26,8.47,7.59,89.8,93642364.28,10672497.63,9004249.36,24812742.44,13057487.9,24434859.22,26.55,60.04
배럴,신규상장,9500,2018-02-01,7215846,70.91,18.77,55.54,53.68,-12.38,580.24,350.92,63.53,30.47,25.74,6.34,24246628,4559084,3713118,8535102,4712318,-2501877,,
링크제니시스,이전상장,30000,2018-02-05,2136300,27.42,16.21,,,,559.54,559.54,24.71,15.73,,,10194510.44,1972304.59,1758422.42,9677498.29,1803157.37,-5519548.16,47.16,42.17
카페24,신규상장,57000,2018-02-08,8858157,100,-2.09,-13.99,22.91,-8.8,98.47,97.96,396.5,-3.33,11.24,1294.86,101869462,-1100714,-1342198,8962849,2706690,3026032,17.85,52.96
아시아종묘,이전상장,4500,2018-02-12,9215539,45.95,2.82,14.05,-2.28,157.14,120.13,59.43,93.69,1.15,3.2,2.22,20974770.37,196936.89,2189775.93,16690435.75,1297763.33,10461456.14,9.36,-613.73
알리코제약,신규상장,12000,2018-02-12,8843825,57,8.94,16.27,45.9,85.56,86.49,56.48,200.36,6.58,5.42,7.67,48126650,2585982,2242617,15456954,5306085,12148082,11.29,4.84
동구바이오제약,신규상장,16000,2018-02-13,9604000,60.12,12.09,88.74,8.7,32.26,77.97,52.14,196.26,4.33,6.55,8.17,87363406.75,10219145.25,10912838.47,22045019.34,12717691.65,16733289.35,,
엔지켐생명과학,이전상장,56000,2018-02-21,7623232,16.46,-28.52,-25.65,39.65,9.56,420.32,323.88,36.03,-37.39,3.95,4.43,21835379.81,-6295233.27,-6331627.33,26957977.99,-4885809.59,-5542072,0.36,-370.6
오스테오닉,신규상장,7700,2018-02-22,6454995,60.2,22.19,17.74,89.33,390.09,185.85,140.64,84.72,3.77,1.67,3.35,6640435.24,1128364.42,1540800.46,11677799.14,1953589.62,3404026.27,35.9,-12.3
린드먼아시아,신규상장,6500,2018-03-14,13500000,95.2,56.24,,,,421.8,,12.31,,,,6335100,3564876,2801684,14372599,3586478,-383518,,
에코마이스터,신규상장,5200,2018-03-15,10788540,35.91,7.33,0.87,-37.49,-78.35,84.17,81.3,215.32,0.44,0.69,18.85,22960526,-841394,295094,33644937,4789329,57380392,-13.44,-11.23
케어랩스,신규상장,20000,2018-03-28,5977430,100,11.16,31.75,62.52,57.55,105.68,105.68,52.43,126.15,13.13,,18597106,2108561,1934501,10403653,2177670,-2940018,,
네오셈,신규상장,2000,2018-04-04,5510000,50.78,19.37,27.65,80.29,169.14,296.16,194.35,101.19,15.41,5.84,5.31,40809156,7052071,6248290,26820554,8262482,9884617,40.03,115.49
JTC,신규상장,8500,2018-04-06,35005517,70.46,5.82,18.52,-0.12,-4.52,271.09,169.92,65.63,108.96,26.75,8.95,532458669,30829431,24550249,143961529,35722888,-9208377,-14.93,-64.1
제이시스메디칼,신규상장,2000,2018-05-08,4235000,43.35,-9.56,-31.46,-6.02,-593.51,121.48,79.75,207.14,-6.64,4.19,3.88,23375154,-3398748,-3398982,9105543,-628411,5520350,9.24,-52.9
제노레이,신규상장,23000,2018-05-28,4028700,37.2,13.94,26.45,16.23,35.1,233.41,123.44,55.3,13.53,6.24,4.26,44491538,5508705,5169983,24297586,8124377,3256176,20.07,76.82
세종메디칼,신규상장,15000,2018-05-29,6777741,68.24,35.65,16.02,13.91,38.43,419.87,348.62,18.31,102.17,17.92,8.44,14549536,4164344,3214068,21660091,5973452,-8111235,6.83,40.98
현대사료,신규상장,6600,2018-06-01,6150486,16.5,4.74,12.02,-18.2,-20.68,190.44,163.48,74.07,8.3,2.39,8.63,87143008,6940077,5604218,48738356,4653614,8424188,-14.93,7.8
파워넷,신규상장,6500,2018-06-07,12009614,15.65,5.88,23.89,-10.98,1.62,198.53,149.07,67.61,55.9,8.93,11.83,122604473,6023943,6795974,31706608,8548614,-8470219,15.25,16.49
카이노스메드,신규상장,2000,2018-06-08,5401000,90.36,-111.18,-89.72,0.86,5.9,1086.18,1086.18,23.41,-20.83,2.03,,2178600,-2623801.41,-2623801.41,6148294.45,-2282030.06,-3743844.72,504.69,-16.44
EDGC,신규상장,6500,2018-06-26,35898940,20.36,-159.91,-99.26,132.21,-59.39,338.61,321.69,27.24,-5.32,3.97,8.31,3234750,-6080151,-6080151,10965574,-4839825,-7015227,,
SV인베스트먼트,신규상장,7000,2018-07-06,26617000,96.43,42.1,29.13,66.6,192.39,210.74,,45.49,,,,17961441,7515179,6148693,23291111,7638565,-923538,,
아이큐어,신규상장,65000,2018-07-12,6123518,32.13,-0.81,3.13,45.89,89.63,171.51,119.99,211.99,-1.46,8.49,9.97,39796329,346055,537949,17474713,292216,12294978,46.08,-227.39
올릭스,신규상장,36000,2018-07-18,6433321,100,-2217.53,-33.07,-37.75,-41.56,1566.02,1495.33,15.87,-127.32,6.96,0.67,243966,-5163925,-5163925,18676448,-5040441,-13459423,-56.82,-75.51
알로이스,신규상장,2000,2018-07-20,2760000,29.11,5.4,24.05,78.77,-34.37,279.49,166.12,95.09,102.44,9.44,6.76,10054104,456671,419252,2086923,658049,370895,837.35,357.01
그리티,신규상장,11500,2018-07-23,10073715,59.56,8.06,15.18,19.13,117.47,376.79,161.53,30.66,41.11,15.49,4.04,125799821,9848242,7924812,55611155,11050414,-9392603,3.04,-35.07
한국유니온제약,신규상장,18000,2018-07-26,5745000,51.3,15.45,14.2,7.11,24.07,125.11,99.49,157.92,9.91,1.74,5.79,50846099,7189864,3090999,23269818,9801887,21093415,7.42,223.85
휴네시온,신규상장,10000,2018-08-02,4803836,51.77,23.92,45.39,18.19,96.55,565.84,548.92,20.25,1000.48,4.2,32.5,14026105,3465872,2994375,9582919,3522757,-6589567,,
에스에스알,신규상장,9000,2018-08-06,5662567,47.91,23.25,43,37.26,26.81,250.83,220.47,67.27,12.55,2.29,,11325540,2788555,2515176,9125754,3169298,168306,,
디아이티,신규상장,10000,2018-08-07,18900000,25.09,13.19,9.49,21.13,32.82,193.83,122.78,74.08,422.45,8.65,1.82,85994057,13060287,11099075,122515622,12208374,-94174899,,
대유,신규상장,9000,2018-08-10,9052400,63.07,24.12,20.14,8.16,34.1,829.42,604.36,23.87,103.31,14.68,4.43,28494483,6970766,5458428,29346252,7088303,-14088576,6.96,3.37
바이오솔루션,신규상장,29000,2018-08-20,7659926,50.68,-36.22,-34.28,56.4,41.99,281.6,241.23,67.03,,2.93,8.6,5010775,-1806233,-1806233,4417119,-1203657,-1472019,47.63,4.03
에이피티씨,신규상장,9000,2018-08-23,23234595,42.65,30.86,60.77,8.64,35.15,430.62,170.65,23.68,869.57,474.32,3.45,41122169,12807027,10849950,23944251,12960357,-7303941,,
오파스넷,신규상장,11000,2018-08-24,4025902,15.3,4.86,20.58,-0.32,8.35,205.29,179.15,104.38,23.22,5.91,22.57,71416346.42,4029814.36,3080131.76,16641287.41,3553159.77,-9305803.57,-1.33,6.2
액트로,신규상장,20000,2018-08-28,5000054,22.29,15.66,43,170.4,463.07,110.77,91.35,97.9,11.74,15.29,22.9,91030061,7091919,7083832,27096003,17692908,-8803803,12.82,-36.87
지니틱스,신규상장,2000,2018-08-30,4110000,20.27,-0.25,,,,114.26,77.39,107.99,-0.14,,,47914782.05,431004.49,-684411.06,11627136.17,1465254.77,2821642.07,,
디지캡,이전상장,12000,2018-09-07,3531115,34.63,15.19,16,45.54,312.95,368.52,368.52,83.24,72.92,5.47,,16310645.33,2325428.05,2044960.28,16037131.06,3093146.31,2020419.65,1.81,-48.08
명성티엔에스,신규상장,20000,2018-09-13,6370000,21.06,11.27,59.74,148.31,25.75,131.47,128.1,223.09,19.07,18.28,45.14,64575368,7046543,5862081,13955959,7469668,16731278,48.05,869.71
엔피,신규상장,2000,2018-09-13,7550000,,,,,,,,,,,,,,,,,,,
지티지웰니스,신규상장,11000,2018-09-21,5652665,54.97,8.48,24.72,12.71,12.26,317.27,160.98,110.16,2.47,5.78,3.05,24046058.68,2412939.48,2163069.64,11809156.1,2587356.43,8237924.85,,
더블유에스아이,신규상장,2000,2018-09-21,4330000,35.51,26.22,,,,151.73,126.89,187.53,40.35,,,11469448,2945558,2362120,2788573,3010327,2131117,,
크리스에프앤씨,신규상장,30000,2018-10-01,11715480,64.98,16.48,,,,153.95,35.42,72.17,51.07,,,281050483,46013649,33578444,121760924,51089236,35888875,24.49,45.81
푸드나무,신규상장,24000,2018-10-04,6806034,31.39,12.44,73.32,55.84,26.89,294.77,294.77,35.71,,31.87,,34825616,4334266,3923534,6809254,4399845,-3197206,,
나우IB,신규상장,8500,2018-10-04,9480000,94.07,51.83,11.46,61.7,170.01,,,2.67,,,,13754864,7177468,5511835,49967463,7131522,-8858200,-5.14,-31.72
에스퓨얼셀,신규상장,16500,2018-10-15,5744316,33.26,16.16,59.97,102.13,152.49,164.13,130.71,195.24,25.01,2,7.39,20294955.59,3232922.43,2789237.99,6045344.68,3429062.9,3270099.89,,
옵티팜,신규상장,10000,2018-10-26,14217258,31.37,-11.77,-11.92,-3.61,-8231.71,97.94,80.53,55.17,-9.94,12.42,18.71,13857114,-1566890,-1566890,12788366,-926056,1378947,25.83,101.48
네온테크,신규상장,2000,2018-10-31,4840000,23.62,6.64,,,,93.7,51.32,239.09,1.92,,,26116915.44,256329.12,215407.25,14114055.87,2567512.56,19147600.45,,
엘앤씨바이오,신규상장,24000,2018-11-01,7234332,62.21,27.21,27.97,51.42,134.99,549.75,386.18,21.87,15.27,3.62,3.4,17900843,4612784,3753073,16812871,5166937,-6116876,31.37,84.6
노바텍,신규상장,10000,2018-11-02,4626800,40.94,25.92,31.73,58.18,20,764.43,713.71,16.16,,9.52,28,21284428,4419085,3975223,15875320,5668474,-11639915,,
대보마그네틱,신규상장,31000,2018-11-06,3232600,43.97,35.23,77.71,133.43,234.55,233,175.04,57.94,359.18,10.75,9,13164618,4596442,3760419,7219171,4701090,-3983794,,
셀리버리,신규상장,25000,2018-11-09,7148321,28.27,-125.47,-95.94,117.39,0.02,295.91,289.24,50.1,-5051.25,26.99,28.32,2773790,-3521671,-3521671,5617907,-3039789,-6020411,,11.27
노바렉스,신규상장,19000,2018-11-14,9003740,21.07,12.24,16.8,4.83,-3.66,244.41,197.61,37.18,,6.68,9.19,80853618,9557236,8104221,51876376,11445366,-22282328,,
에이치앤비디자인,신규상장,10100,2018-11-15,2660910,19.39,10.37,33.2,31.99,-18.85,450.21,289.7,85.77,44.8,9.48,7.39,30472103,2711104,2225174,7811892,3239148,4626840,,
디케이앤디,신규상장,6000,2018-11-20,7601025,21,7.2,4.8,8.2,43.73,222.91,174.92,36.45,7.32,10.91,11.86,52107582,2410965,1562408,36847822,4937407,-3575799,,
아주IB투자,신규상장,1500,2018-11-21,118714050,37.74,23.34,10.35,-26.36,6.96,,,143.75,,,,69731924,16113089,13043792,131276449,16609268,21387494,-11,8.08
파멥신,신규상장,60000,2018-11-21,6805637,56.16,-1837.58,,,,170.1,170.1,230.01,-135.49,,,208718,-6483417,-6483417,2280637,-2659492,-1825847,,
싸이토젠,신규상장,17000,2018-11-22,5633864,12.82,-1367.56,-100.62,-75.78,-7.99,528.1,521.41,30.2,-6.18,0.71,3.29,205874,-2620139,-2620139,4732334,-2341416,-4036663,73.56,16.72
디알젬,신규상장,6500,2018-11-22,11325610,27.3,8.45,31.7,39.51,54.97,144.87,71.83,119.8,23,7.25,5.41,49323651,3797634,3992380,15654511,4681302,2915792,10.17,36.94
티앤알바이오팹,신규상장,18000,2018-11-28,8118084,26.16,-1025.57,-45.29,47.9,-34.15,6100.31,5919.05,4.36,-955.24,7.23,1.83,405542,-4058105,-4058105,9071039,-3984434,-7804539,275.11,-178.74
네오펙트,신규상장,11000,2018-11-28,11718545,64.7,-94.79,28,124.98,-19.27,928.46,761.85,-159.39,-3.16,4.03,3.33,4454463,-4389269,-4389269,-17186680,-3717703,13841286,,
남화산업,신규상장,3700,2018-11-29,20588000,100,30.8,7.53,10.09,32.47,611.8,609.57,11.17,458.71,,322.1,14214445,10805113,8542804,117680248,5525708,-10393964,-7.33,-22.99
티로보틱스,신규상장,16000,2018-11-29,5399459,19.38,9.08,130.72,43.22,89.39,96.63,86.4,224.95,6.11,5.54,26.66,70377554,4656575,7307898,13349271,8226464,8452709,176.05,154.61
엠아이텍,신규상장,4500,2018-11-29,27456200,45.6,8.14,11.62,37.71,-13.71,424.07,289.74,58.83,5.15,5.27,4.24,22540597,1536722,2051169,18674913,2767841,-2930216,,
윙입푸드,신규상장,2000,2018-11-30,40409095,39.84,28.59,44.77,10.59,26.39,205.55,193.56,54.16,332.57,8.9,37.14,83974128,22543607,16770020,44946198,25650566,-22344802,,
베스파,신규상장,35000,2018-12-03,7986521,100,21.73,-334.64,30514.47,499.47,94.39,94.39,1033.86,20.9,17.03,,31115321,5559911,5734900,1093014,6837078,-2253371,,
에코캡,신규상장,4200,2018-12-05,14558800,16.93,6.05,8.04,6.33,-51.12,126.92,98.64,132.61,6.39,3.66,9.12,84224111,4319775,2782579,35998126,7920061,20680316,11.25,115.73
대유에이피,신규상장,3000,2018-12-07,10884000,7.7,3.9,30.78,280.48,342.53,68.97,43,193.23,10.96,11.85,17.65,206580263,8175486,6501915,24273183,11529471,12016273,,
이노메트리,신규상장,26000,2018-12-12,4825108,27.11,14.07,20.64,-13,-47,196.21,192.84,81.04,38.05,4.57,138.97,14062786,1439948,1176696,6282314,2024636,-4145475,,
뉴트리,신규상장,14500,2018-12-13,9032224,73.35,7.65,35.57,82.22,277.43,274.06,222.03,242.83,10.49,16.94,20.64,60382904,2955677,2091513,6916723,4982003,-1816907,,
머큐리,신규상장,6100,2018-12-14,14763600,14.7,5.45,12.25,14.25,196.54,173.49,108.12,117.12,20.27,6.07,7.09,138329548,4565317,4442895,38460058,8853796,8896708,30.44,332.73
전진바이오팜,신규상장,10000,2018-12-14,4733428,40.12,-87.97,-242.1,-34.79,-5.7,181.94,129.23,1664.39,-17.09,2.49,2.74,3135921,-3040951,-3040951,229961,-2441697,2033206,138.31,-6.54
에이비엘바이오,신규상장,15000,2018-12-19,44587000,100,-13509.59,152.44,,-174.44,702.02,702.02,-123.7,-7.5,,,71429,-74734344,-74734344,-85955008,-9246258,-1542617,,
국전약품,신규상장,2000,2018-12-19,5010000,20.18,8.41,34.83,6.05,158.68,98.81,57.89,208.59,8.69,6.49,8.91,60336475,3940225,3121960,10524217,5888135,13421847,15.9,7.37
위지윅스튜디오,신규상장,11000,2018-12-20,8798060,100,19.09,18.52,1099.55,359.95,893.7,893.7,197.57,,7.22,,12989260,498189,498897,5643252,2828114,671502,,
오하임아이엔티,신규상장,2000,2018-12-20,4590000,,,,,,,,,,,,,,,,,,,
디케이티,신규상장,7400,2018-12-21,6879982,7.23,5.05,125.16,94.22,1574.58,105.66,82.2,507.85,20.65,12.3,25.87,278842683,13406026,10887124,14329141,17864881,-2638049,55.48,-149.39
아이엘사이언스,신규상장,2000,2018-12-21,4355000,22.98,10.66,-76.78,127.44,179.69,56.67,53.93,-3580.14,4.53,4.63,46.85,18638116,1039947,815555,-330632,2188036,4707691,-7.06,-956.29
애니플러스,신규상장,2000,2018-12-21,3050000,35.28,9.58,3.89,2.27,917.58,161.34,157.62,45.93,8.2,3.33,82.84,10207249,443982,441745,11575589,4537083,-27079,6.98,-89.41
유틸렉스,신규상장,50000,2018-12-24,7263578,100,-7372.36,-24.92,,-89.56,2032.32,2032.32,14.39,-75.54,,,133145,-9592518,-9592518,51131065,-8918302,-35854143,,-466.45
비피도,신규상장,18000,2018-12-26,4090000,41.15,22.09,14.03,13.21,44.08,1238.12,1109.82,99.24,5.1,7.05,5.89,13664118,2901821,2425225,18495261,4534321,-3399362,1.9,-44.15
웹케시,신규상장,26000,2019-01-25,6630322,100,4.91,24.05,-15.67,7.54,107.55,107.55,115.97,4.54,11.67,,77432987,4560349,3539490,16537270,4586047,-1674515,3.5,-13.88
노랑풍선,신규상장,20000,2019-01-30,4765650,100,16.44,35.06,26.54,132.68,85.78,85.78,181.21,18.28,6.49,,76313889,12879498.44,10435974.3,35680507.97,14369403.07,-12472195.44,24.03,82.01
이노테라피,신규상장,18000,2019-02-01,4969184,6.19,-1305.12,-65.69,101.63,-49.68,632.91,524.89,35.76,-743.59,7.78,1.83,202717,-3011954,-3011954,3096556,-2179433,149096,637.32,-28.51
천보,신규상장,40000,2019-02-11,9856294,22.95,20.62,21.35,21.58,21.03,181,96.72,32.19,27.37,5.83,5.61,87486149,16689713,14823640,76953805,24630795,11198292,,
셀리드,신규상장,33000,2019-02-20,9441192,,,188.66,,-42.84,113.45,113.45,-189.79,,,,,-5408292,-5408292,-5527521,-1446902,5558136,,
에코프로비엠,신규상장,48000,2019-03-05,19850000,15.41,7.69,14.13,190.31,137.59,91.76,42.67,157.12,4.76,9.61,5.24,289870411,15225674,15159392,115232762,39532590,132772019,,
미래에셋벤처투자,신규상장,4500,2019-03-15,30667215,78.79,51.25,8.52,35.4,169.32,522.92,,5.6,,,,16289972,8342876,7578614,92653680,8495564,-14079362,-67.55,-88.55
이지케어텍,신규상장,12300,2019-03-22,6386000,20.19,8.11,13.11,4.64,9.49,387.18,387.18,36.21,449227,4.77,,55373588,4367210,3539982,28680190,4803424,-8994103,,
지노믹트리,이전상장,27000,2019-03-27,19986215,-7.42,-442.36,-35.83,-17.29,-54.96,795.33,795.33,25.19,-122.17,18.09,,453558.9,-2112984.73,-2112984.73,8296158.35,-1870965.71,-5910549.25,-47.71,-68.98
아모그린텍,신규상장,9900,2019-03-29,16496790,15,1.53,3579.72,59.04,168.6,81.51,63.86,1049.86,1.29,6.34,11.87,111296535,-5250734,-5234324,5808249,5094622,21333208,,
TS트릴리온,신규상장,2000,2019-04-29,4400000,64.35,4.62,,,,133.48,104.57,187.04,32.24,,,74119555.47,3256108.03,2589358,9965687.51,3463887.26,11647643.78,170.93,105.6
SNK,신규상장,40400,2019-05-07,21061800,79.29,46.21,15.59,50.29,27.31,2145.63,2101.72,5.73,,3.2,79.46,102069412,41059970,30484949,303418555,47619725,-270359801,24.63,10.94
현대무벡스,신규상장,2000,2019-05-08,8620000,18.39,6.19,,,,159.72,159.63,130.94,4.78,,,176506982,10578710,7244832,54859617,18633505,10395266,-28.12,-33.2
컴퍼니케이,신규상장,4500,2019-05-23,15610000,79.26,54.88,25.75,74.25,55.22,34.53,,24.02,90.93,,,14861384,7984077,6198120,23225701,8209415,2935591,-51.79,-59.53
수젠텍,이전상장,12000,2019-05-28,12926006,18.98,-84.48,-254.51,64.77,-76.6,338.88,291.74,57.68,-2.89,,,,,,,,,203.3,-59.45
마이크로디지탈,신규상장,23000,2019-06-05,3630800,33.28,-25.98,-35.62,3.72,-349.01,510.88,428.15,31.88,-8.96,3.42,4.29,4723394,-1499658,-1656522,8874942,-1002684,-5436269,4.16,1428.78
까스텔바작,신규상장,12000,2019-06-10,6596700,63.15,15.78,,,,441.99,196.22,26.25,,,,92346622.66,14555822.43,11214626.2,62786696.95,15478781.56,-13959137.48,,
압타바이오,신규상장,30000,2019-06-12,10881733,100,-231.21,-28.49,384.6,-64.59,1696.5,1696.5,11.01,-5.19,449.15,,1454113,-4063031,-4063031,18311651,-3352261,-19694381,-49.73,-114.02
엠에프엠코리아,신규상장,2000,2019-06-19,4310000,6.65,1.05,2.74,20.91,-64.1,141.48,91.33,110.87,1.47,4.49,7.37,85449685,678334,594652,22476950,928181,7722192,-16.7,-19.68
